key,exch,symbol,fyers_symbol,isin,name
NSE:20MICRONS,NSE,20MICRONS,NSE:20MICRONS-EQ,INE144J01027,20 MICRONS LTD
NSE:21STCENMGM,NSE,21STCENMGM,NSE:21STCENMGM-EQ,INE253B01015,21ST CENTURY MGMT SERVICE
NSE:360ONE,NSE,360ONE,NSE:360ONE-EQ,INE466L01038,360 ONE WAM LIMITED
NSE:3BBLACKBIO,NSE,3BBLACKBIO,NSE:3BBLACKBIO-EQ,INE994E01018,3B BLACKBIO DX LTD.
NSE:3IINFOLTD,NSE,3IINFOLTD,NSE:3IINFOLTD-BE,INE748C01038,3I INFOTECH LIMITED
NSE:3MINDIA,NSE,3MINDIA,NSE:3MINDIA-EQ,INE470A01017,3M INDIA LIMITED
NSE:3PLAND,NSE,3PLAND,NSE:3PLAND-EQ,INE105C01023,3P LAND HOLDINGS LIMITED
NSE:5PAISA,NSE,5PAISA,NSE:5PAISA-EQ,INE618L01018,5PAISA CAPITAL LIMITED
NSE:63MOONS,NSE,63MOONS,NSE:63MOONS-EQ,INE111B01023,63 MOONS TECHNOLOGIES LTD
NSE:A2ZINFRA,NSE,A2ZINFRA,NSE:A2ZINFRA-EQ,INE619I01012,A2Z INFRA ENGINEERING LTD
NSE:AAATECH,NSE,AAATECH,NSE:AAATECH-EQ,INE0D0U01013,AAA TECHNOLOGIES LIMITED
NSE:AADHARHFC,NSE,AADHARHFC,NSE:AADHARHFC-EQ,INE883F01010,AADHAR HOUSING FINANCE L
NSE:AAKASH,NSE,AAKASH,NSE:AAKASH-EQ,INE087Z01024,AAKASH EXPLORATION SER L
NSE:AAREYDRUGS,NSE,AAREYDRUGS,NSE:AAREYDRUGS-EQ,INE198H01019,AAREY DRUGS & PHARM LTD
NSE:AARNAV,NSE,AARNAV,NSE:AARNAV-BE,INE750R01016,AARNAV FASHIONS LIMITED
NSE:AARON,NSE,AARON,NSE:AARON-EQ,INE721Z01010,AARON INDUSTRIES LIMITED
NSE:AARTECH,NSE,AARTECH,NSE:AARTECH-BE,INE01C001026,AARTECH SOLONICS LIMITED
NSE:AARTIDRUGS,NSE,AARTIDRUGS,NSE:AARTIDRUGS-EQ,INE767A01016,AARTI DRUGS LTD.
NSE:AARTIIND,NSE,AARTIIND,NSE:AARTIIND-EQ,INE769A01020,AARTI INDUSTRIES LTD
NSE:AARTIPHARM,NSE,AARTIPHARM,NSE:AARTIPHARM-EQ,INE0LRU01027,AARTI PHARMALABS LIMITED
NSE:AARTISURF,NSE,AARTISURF,NSE:AARTISURF-BE,INE09EO01013,AARTI SURFACTANTS LIMITED
NSE:AARVI,NSE,AARVI,NSE:AARVI-EQ,INE754X01016,AARVI ENCON LIMITED
NSE:AASTHA,NSE,AASTHA,NSE:AASTHA-EQ,INE2FMX01012,AASTHA SPINTEX LIMITED
NSE:AAVAS,NSE,AAVAS,NSE:AAVAS-EQ,INE216P01012,AAVAS FINANCIERS LIMITED
NSE:ABAN,NSE,ABAN,NSE:ABAN-BE,INE421A01028,ABAN OFFSHORE LTD.
NSE:ABANSENT,NSE,ABANSENT,NSE:ABANSENT-EQ,INE365O01028,ABANS ENTERPRISES LTD.
NSE:ABB,NSE,ABB,NSE:ABB-EQ,INE117A01022,ABB INDIA LIMITED
NSE:ABBOTINDIA,NSE,ABBOTINDIA,NSE:ABBOTINDIA-EQ,INE358A01014,ABBOTT INDIA LIMITED
NSE:ABCAPITAL,NSE,ABCAPITAL,NSE:ABCAPITAL-EQ,INE674K01013,ADITYA BIRLA CAPITAL LTD.
NSE:ABCOTS,NSE,ABCOTS,NSE:ABCOTS-EQ,INE08PH01015,A B COTSPIN INDIA LIMITED
NSE:ABDL,NSE,ABDL,NSE:ABDL-EQ,INE552Z01027,ALLIED BLEND N DISTILS L
NSE:ABFRL,NSE,ABFRL,NSE:ABFRL-EQ,INE647O01011,ADITYA BIRLA FASHION & RT
NSE:ABINFRA,NSE,ABINFRA,NSE:ABINFRA-BE,INE00YB01025,A B INFRABUILD LIMITED
NSE:ABLBL,NSE,ABLBL,NSE:ABLBL-EQ,INE14LE01019,ADITYA BIRLA LIFES BRAN L
NSE:ABMINTLLTD,NSE,ABMINTLLTD,NSE:ABMINTLLTD-BE,INE251C01025,ABM INTERNATIONAL LTD
NSE:ABMKNO,NSE,ABMKNO,NSE:ABMKNO-EQ,INE850B01026,A B M KNOWLEDGEWARE LTD.
NSE:ABREL,NSE,ABREL,NSE:ABREL-EQ,INE055A01016,ADITYA BIRLA REAL EST LTD
NSE:ABSLAMC,NSE,ABSLAMC,NSE:ABSLAMC-EQ,INE404A01024,ADIT BIRL SUN LIF AMC LTD
NSE:ACC,NSE,ACC,NSE:ACC-EQ,INE012A01025,ACC LIMITED
NSE:ACCELYA,NSE,ACCELYA,NSE:ACCELYA-EQ,INE793A01012,ACCELYA SOLN INDIA LTD
NSE:ACCURACY,NSE,ACCURACY,NSE:ACCURACY-EQ,INE648Z01023,ACCURACY SHIPPING LIMITED
NSE:ACE,NSE,ACE,NSE:ACE-EQ,INE731H01025,ACTION CONST EQUIP LTD
NSE:ACEINTEG,NSE,ACEINTEG,NSE:ACEINTEG-EQ,INE543V01017,ACE INTEGRATED SOLU. LTD.
NSE:ACEVECTOR,NSE,ACEVECTOR,NSE:ACEVECTOR-EQ,INE580P01029,ACEVECTOR LIMITED
NSE:ACGL,NSE,ACGL,NSE:ACGL-EQ,INE451C01013,AUTOMOBILE CORPN OF GOA L
NSE:ACI,NSE,ACI,NSE:ACI-EQ,INE128X01021,ARCHEAN CHEMICAL IND LTD
NSE:ACL,NSE,ACL,NSE:ACL-EQ,INE666E01020,ANDHRA CEMENTS LIMITED
NSE:ACMESOLAR,NSE,ACMESOLAR,NSE:ACMESOLAR-EQ,INE622W01025,ACME SOLAR HOLDINGS LTD
NSE:ACSTECH,NSE,ACSTECH,NSE:ACSTECH-BE,INE366C01021,A C S TECHNOLOGIES LTD.
NSE:ACUTAAS,NSE,ACUTAAS,NSE:ACUTAAS-EQ,INE00FF01025,ACUTAAS CHEMICALS LIMITED
NSE:ADANIENSOL,NSE,ADANIENSOL,NSE:ADANIENSOL-EQ,INE931S01010,ADANI ENERGY SOLUTION LTD
NSE:ADANIENT,NSE,ADANIENT,NSE:ADANIENT-EQ,INE423A01024,ADANI ENTERPRISES LIMITED
NSE:ADANIGREEN,NSE,ADANIGREEN,NSE:ADANIGREEN-EQ,INE364U01010,ADANI GREEN ENERGY LTD
NSE:ADANIPORTS,NSE,ADANIPORTS,NSE:ADANIPORTS-EQ,INE742F01042,ADANI PORT & SEZ LTD
NSE:ADANIPOWER,NSE,ADANIPOWER,NSE:ADANIPOWER-EQ,INE814H01029,ADANI POWER LTD
NSE:ADDIND,NSE,ADDIND,NSE:ADDIND-EQ,INE757C01021,ADDI INDUSTRIES LTD.
NSE:ADFFOODS,NSE,ADFFOODS,NSE:ADFFOODS-EQ,INE982B01027,ADF FOODS LIMITED
NSE:ADL,NSE,ADL,NSE:ADL-EQ,INE0CHO01012,ARCHIDPLY DECOR LIMITED
NSE:ADOR,NSE,ADOR,NSE:ADOR-EQ,INE045A01017,ADOR WELDING LTD
NSE:ADROITIND,NSE,ADROITIND,NSE:ADROITIND-BE,INE505M01015,ADROIT INDUSTRIES (I) LTD
NSE:ADROITINFO,NSE,ADROITINFO,NSE:ADROITINFO-BE,INE737B01033,ADROIT INFOTECH LIMITED
NSE:ADSL,NSE,ADSL,NSE:ADSL-EQ,INE102I01027,ALLIED DIGITAL SERV. LTD
NSE:ADVAIT,NSE,ADVAIT,NSE:ADVAIT-EQ,INE0ALI01010,ADVAIT ENRGY TRANSITION L
NSE:ADVANCE,NSE,ADVANCE,NSE:ADVANCE-EQ,INE1B0W01010,ADVANCE AGROLIFE LIMITED
NSE:ADVANIHOTR,NSE,ADVANIHOTR,NSE:ADVANIHOTR-EQ,INE199C01026,ADVANI HOT.& RES.(I) LTD
NSE:ADVENTHTL,NSE,ADVENTHTL,NSE:ADVENTHTL-EQ,INE28GN01010,ADVENT HOTELS INTERNATI L
NSE:ADVENZYMES,NSE,ADVENZYMES,NSE:ADVENZYMES-EQ,INE837H01020,ADVANCED ENZYME TECH LTD
NSE:ADVIKCA,NSE,ADVIKCA,NSE:ADVIKCA-EQ,INE178T01024,ADVIK CAPITAL LTD.
NSE:AEGISLOG,NSE,AEGISLOG,NSE:AEGISLOG-EQ,INE208C01025,AEGIS LOGISTICS LIMITED
NSE:AEGISVOPAK,NSE,AEGISVOPAK,NSE:AEGISVOPAK-EQ,INE0INX01018,AEGIS VOPAK TERMINALS LTD
NSE:AEPL,NSE,AEPL,NSE:AEPL-EQ,INE757T01025,ARTEMIS ELECTRICALS & P L
NSE:AEQUS,NSE,AEQUS,NSE:AEQUS-EQ,INE947N01017,AEQUS LIMITED
NSE:AEROENTER,NSE,AEROENTER,NSE:AEROENTER-EQ,INE065D01027,AEROFLEX ENTERPRISES LTD
NSE:AEROFLEX,NSE,AEROFLEX,NSE:AEROFLEX-EQ,INE024001021,AEROFLEX INDUSTRIES LTD
NSE:AERONEU,NSE,AERONEU,NSE:AERONEU-EQ,INE035801013,AEROFLEX NEU LIMITED
NSE:AEROPLANE,NSE,AEROPLANE,NSE:AEROPLANE-EQ,INE05TO01019,AMIR CHAND JAG KUM (E) L
NSE:AETHER,NSE,AETHER,NSE:AETHER-EQ,INE0BWX01014,AETHER INDUSTRIES LIMITED
NSE:AFCONS,NSE,AFCONS,NSE:AFCONS-EQ,INE101I01011,AFCONS INFRASTRUCTURE LTD
NSE:AFFLE,NSE,AFFLE,NSE:AFFLE-EQ,INE00WC01027,AFFLE 3I LIMITED
NSE:AFFORDABLE,NSE,AFFORDABLE,NSE:AFFORDABLE-EQ,INE692Z01013,AFFORD ROBO & AUTO LTD
NSE:AFIL,NSE,AFIL,NSE:AFIL-EQ,INE916Y01027,AKME FINTRADE (INDIA) LTD
NSE:AFSL,NSE,AFSL,NSE:AFSL-EQ,INE00ZE01026,ABANS FINANCIAL SRVCS LTD
NSE:AGARIND,NSE,AGARIND,NSE:AGARIND-EQ,INE204E01012,AGARWAL INDS CORP LTD.
NSE:AGARWALEYE,NSE,AGARWALEYE,NSE:AGARWALEYE-EQ,INE943P01029,DR AGARWALS HEALTH CARE L
NSE:AGASTYAEN,NSE,AGASTYAEN,NSE:AGASTYAEN-BE,INE753W01010,AGASTYA ENE AND INFRA LTD
NSE:AGI,NSE,AGI,NSE:AGI-EQ,INE415A01038,AGI GREENPAC LIMITED
NSE:AGIIL,NSE,AGIIL,NSE:AGIIL-EQ,INE976R01033,AGI INFRA LIMITED
NSE:AGL,NSE,AGL,NSE:AGL-EQ,INE1YPB01014,ALLCARGO GLOBAL LIMITED
NSE:AGRITECH,NSE,AGRITECH,NSE:AGRITECH-EQ,INE449G01018,AGRI-TECH (INDIA) LIMITED
NSE:AGROPHOS,NSE,AGROPHOS,NSE:AGROPHOS-EQ,INE740V01019,AGRO PHOS INDIA LIMITED
NSE:AHCL,NSE,AHCL,NSE:AHCL-EQ,INE0Y8W01025,ANLON HEALTHCARE LIMITED
NSE:AHLADA,NSE,AHLADA,NSE:AHLADA-EQ,INE00PV01013,AHLADA ENGINEERS LIMITED
NSE:AHLEAST,NSE,AHLEAST,NSE:AHLEAST-EQ,INE926K01017,ASIAN HOTELS (EAST) LTD
NSE:AHLUCONT,NSE,AHLUCONT,NSE:AHLUCONT-EQ,INE758C01029,AHLUWALIA CONT IND LTD
NSE:AHLWEST,NSE,AHLWEST,NSE:AHLWEST-BE,INE915K01010,ASIAN HOTELS (WEST) LTD
NSE:AIAENG,NSE,AIAENG,NSE:AIAENG-EQ,INE212H01026,AIA ENGINEERING LIMITED
NSE:AIIL,NSE,AIIL,NSE:AIIL-EQ,INE206F01022,AUTHUM INVEST & INFRA LTD
NSE:AIRAN,NSE,AIRAN,NSE:AIRAN-EQ,INE645W01026,AIRAN LIMITED
NSE:AIROLAM,NSE,AIROLAM,NSE:AIROLAM-EQ,INE801L01010,AIRO LAM LIMITED
NSE:AJANTPHARM,NSE,AJANTPHARM,NSE:AJANTPHARM-EQ,INE031B01049,AJANTA PHARMA LIMITED
NSE:AJAXENGG,NSE,AJAXENGG,NSE:AJAXENGG-EQ,INE274Y01021,AJAX ENGINEERING LIMITED
NSE:AJMERA,NSE,AJMERA,NSE:AJMERA-EQ,INE298G01035,AJMERA REALTY & INF I LTD
NSE:AJOONI,NSE,AJOONI,NSE:AJOONI-EQ,INE820Y01021,AJOONI BIOTECH LIMITED
NSE:AKASH,NSE,AKASH,NSE:AKASH-EQ,INE737W01013,AKASH INFRA-PROJECTS LTD
NSE:AKCAPIT,NSE,AKCAPIT,NSE:AKCAPIT-EQ,INE701G01012,A K CAPITAL SERVICES LTD.
NSE:AKG,NSE,AKG,NSE:AKG-EQ,INE00Y801016,AKG EXIM LIMITED
NSE:AKI,NSE,AKI,NSE:AKI-BE,INE642Z01026,AKI INDIA LIMITED
NSE:AKSHAR,NSE,AKSHAR,NSE:AKSHAR-EQ,INE256Z01025,AKSHAR SPINTEX LIMITED
NSE:AKSHARCHEM,NSE,AKSHARCHEM,NSE:AKSHARCHEM-BE,INE542B01011,AKSHARCHEM INDIA LIMITED
NSE:AKSHOPTFBR,NSE,AKSHOPTFBR,NSE:AKSHOPTFBR-BE,INE523B01011,AKSH OPTIFIBRE  LTD
NSE:AKUMS,NSE,AKUMS,NSE:AKUMS-EQ,INE09XN01023,AKUMS DRUGS AND PHARMA L
NSE:ALANKIT,NSE,ALANKIT,NSE:ALANKIT-EQ,INE914E01040,ALANKIT LIMITED
NSE:ALBERTDAVD,NSE,ALBERTDAVD,NSE:ALBERTDAVD-EQ,INE155C01010,ALBERT DAVID LIMITED
NSE:ALEMBICLTD,NSE,ALEMBICLTD,NSE:ALEMBICLTD-EQ,INE426A01027,ALEMBIC LIMITED
NSE:ALFREDHE,NSE,ALFREDHE,NSE:ALFREDHE-EQ,INE782D01027,ALFRED HERBERT INDIA L
NSE:ALGOQUANT,NSE,ALGOQUANT,NSE:ALGOQUANT-EQ,INE598D01035,ALGOQUANT FINTECH LIMITED
NSE:ALICON,NSE,ALICON,NSE:ALICON-EQ,INE062D01024,ALICON CASTALLOY LIMITED
NSE:ALIVUS,NSE,ALIVUS,NSE:ALIVUS-EQ,INE03Q201024,ALIVUS LIFE SCIENCES LTD
NSE:ALKALI,NSE,ALKALI,NSE:ALKALI-BE,INE773I01017,ALKALI METALS LTD
NSE:ALKEM,NSE,ALKEM,NSE:ALKEM-EQ,INE540L01014,ALKEM LABORATORIES LTD.
NSE:ALKYLAMINE,NSE,ALKYLAMINE,NSE:ALKYLAMINE-EQ,INE150B01039,ALKYL AMINES CHEM. LTD
NSE:ALLCARGO,NSE,ALLCARGO,NSE:ALLCARGO-EQ,INE418H01029,ALLCARGO LOGISTICS LTD
NSE:ALLDIGI,NSE,ALLDIGI,NSE:ALLDIGI-EQ,INE835G01018,ALLDIGI TECH LIMITED
NSE:ALLTIME,NSE,ALLTIME,NSE:ALLTIME-EQ,INE0GV601021,ALL TIME PLASTICS LIMITED
NSE:ALMONDZ,NSE,ALMONDZ,NSE:ALMONDZ-BE,INE326B01035,ALMONDZ GLOBAL SEC LTD
NSE:ALOKINDS,NSE,ALOKINDS,NSE:ALOKINDS-EQ,INE270A01029,ALOK INDUSTRIES LIMITED
NSE:ALPA,NSE,ALPA,NSE:ALPA-EQ,INE385I01010,ALPA LABORATORIES LTD
NSE:ALPHAGEO,NSE,ALPHAGEO,NSE:ALPHAGEO-BE,INE137C01018,ALPHAGEO (INDIA) LIMITED
NSE:ALPINETEX,NSE,ALPINETEX,NSE:ALPINETEX-EQ,INE1JCQ01037,ALPINE TEXWORLD LIMITED
NSE:ALUFLUOR,NSE,ALUFLUOR,NSE:ALUFLUOR-EQ,INE058F01019,ALUFLUORIDE LTD.
NSE:AMAGI,NSE,AMAGI,NSE:AMAGI-EQ,INE121R01077,AMAGI MEDIA LABS LIMITED
NSE:AMAL,NSE,AMAL,NSE:AMAL-EQ,INE841D01013,AMAL LTD.
NSE:AMANTA,NSE,AMANTA,NSE:AMANTA-BE,INE084K01015,AMANTA HEALTHCARE LIMITED
NSE:AMARJOTHI,NSE,AMARJOTHI,NSE:AMARJOTHI-EQ,INE484D01012,AMARJOTHI SPINNING MILL L
NSE:AMBALALSA,NSE,AMBALALSA,NSE:AMBALALSA-BE,INE432A01017,AMBALAL SARABHAI ENT L
NSE:AMBER,NSE,AMBER,NSE:AMBER-EQ,INE371P01015,AMBER ENTERPRISES (I) LTD
NSE:AMBICAAGAR,NSE,AMBICAAGAR,NSE:AMBICAAGAR-EQ,INE792B01012,AMBICA AGAR & AROMAINDLTD
NSE:AMBIKCO,NSE,AMBIKCO,NSE:AMBIKCO-EQ,INE540G01014,AMBIKA COTTON MILL LTD.
NSE:AMBUJACEM,NSE,AMBUJACEM,NSE:AMBUJACEM-EQ,INE079A01024,AMBUJA CEMENTS LTD
NSE:AMDIND,NSE,AMDIND,NSE:AMDIND-BE,INE005I01014,AMD INDUSTRIES LIMITED
NSE:AMJLAND,NSE,AMJLAND,NSE:AMJLAND-EQ,INE606A01024,AMJ LAND HOLDINGS LIMITED
NSE:AMNPLST,NSE,AMNPLST,NSE:AMNPLST-EQ,INE275D01022,AMINES & PLASTICIZERS LTD
NSE:AMRUTANJAN,NSE,AMRUTANJAN,NSE:AMRUTANJAN-EQ,INE098F01031,AMRUTAJAN HEALTH LTD
NSE:ANANDRATHI,NSE,ANANDRATHI,NSE:ANANDRATHI-EQ,INE463V01026,ANAND RATHI WEALTH LTD
NSE:ANANTRAJ,NSE,ANANTRAJ,NSE:ANANTRAJ-EQ,INE242C01024,ANANT RAJ LIMITED
NSE:ANDHRAPAP,NSE,ANDHRAPAP,NSE:ANDHRAPAP-EQ,INE435A01051,ANDHRA PAPER LIMITED
NSE:ANDHRSUGAR,NSE,ANDHRSUGAR,NSE:ANDHRSUGAR-EQ,INE715B01021,ANDHRA SUGARS LTD
NSE:ANDREWYU,NSE,ANDREWYU,NSE:ANDREWYU-EQ,INE449C01025,ANDREW YULE & CO. LTD.
NSE:ANGELONE,NSE,ANGELONE,NSE:ANGELONE-EQ,INE732I01021,ANGEL ONE LIMITED
NSE:ANIKINDS,NSE,ANIKINDS,NSE:ANIKINDS-EQ,INE087B01017,ANIK INDUSTRIES LTD
NSE:ANMOL,NSE,ANMOL,NSE:ANMOL-BE,INE02AR01019,ANMOL INDIA LIMITED
NSE:ANNAPURNA,NSE,ANNAPURNA,NSE:ANNAPURNA-EQ,INE0MGM01017,ANNAPURNA SWADISHT LTD
NSE:ANNU,NSE,ANNU,NSE:ANNU-EQ,INE103001017,ANNU PROJECTS LIMITED
NSE:ANSALBU,NSE,ANSALBU,NSE:ANSALBU-EQ,INE030C01015,ANSAL BUILDWELL LTD.
NSE:ANTELOPUS,NSE,ANTELOPUS,NSE:ANTELOPUS-EQ,INE818A01017,ANTELOPUS SELAN ENRGY LTD
NSE:ANTGRAPHIC,NSE,ANTGRAPHIC,NSE:ANTGRAPHIC-EQ,INE414B01021,ANTARCTICA LTD
NSE:ANTHEM,NSE,ANTHEM,NSE:ANTHEM-EQ,INE0CZ201020,ANTHEM BIOSCIENCES LTD
NSE:ANUHPHR,NSE,ANUHPHR,NSE:ANUHPHR-EQ,INE489G01022,ANUH PHARMA LIMITED
NSE:ANUP,NSE,ANUP,NSE:ANUP-EQ,INE294Z01018,THE ANUP ENGINEERING LTD
NSE:ANURAS,NSE,ANURAS,NSE:ANURAS-EQ,INE930P01018,ANUPAM RASAYAN INDIA LTD
NSE:AONESTEELS,NSE,AONESTEELS,NSE:AONESTEELS-EQ,INE0OTC01025,A-ONE STEELS INDIA LTD
NSE:APARINDS,NSE,APARINDS,NSE:APARINDS-EQ,INE372A01015,APAR INDUSTRIES LTD.
NSE:APCL,NSE,APCL,NSE:APCL-EQ,INE071F01012,ANJANI PORTLAND CEM LTD
NSE:APCOTEXIND,NSE,APCOTEXIND,NSE:APCOTEXIND-EQ,INE116A01032,APCOTEX INDUSTRIES LIMITE
NSE:APEX,NSE,APEX,NSE:APEX-EQ,INE346W01013,APEX FROZEN FOODS LIMITED
NSE:APLAPOLLO,NSE,APLAPOLLO,NSE:APLAPOLLO-EQ,INE702C01027,APL APOLLO TUBES LTD
NSE:APLLTD,NSE,APLLTD,NSE:APLLTD-EQ,INE901L01018,ALEMBIC PHARMA LTD
NSE:APOLLO,NSE,APOLLO,NSE:APOLLO-EQ,INE713T01028,APOLLO MICRO SYSTEMS LTD
NSE:APOLLOHOSP,NSE,APOLLOHOSP,NSE:APOLLOHOSP-EQ,INE437A01024,APOLLO HOSPITALS ENTER. L
NSE:APOLLOPIPE,NSE,APOLLOPIPE,NSE:APOLLOPIPE-EQ,INE126J01016,APOLLO PIPES LIMITED
NSE:APOLLOTYRE,NSE,APOLLOTYRE,NSE:APOLLOTYRE-EQ,INE438A01022,APOLLO TYRES LTD
NSE:APOLSINHOT,NSE,APOLSINHOT,NSE:APOLSINHOT-EQ,INE451F01024,APOLLO SINDOORI HOTEL LTD
NSE:APOORVA,NSE,APOORVA,NSE:APOORVA-BE,INE217S01014,APOORVA LEAS F & INV C L
NSE:APTECHT,NSE,APTECHT,NSE:APTECHT-EQ,INE266F01018,APTECH LIMITED
NSE:APTUS,NSE,APTUS,NSE:APTUS-EQ,INE852O01025,APTUS VALUE HSG FIN I LTD
NSE:AQYLON,NSE,AQYLON,NSE:AQYLON-EQ,INE416A01051,AQYLON NEXUS LIMITED
NSE:ARCHIDPLY,NSE,ARCHIDPLY,NSE:ARCHIDPLY-EQ,INE877I01016,ARCHIDPLY IND. LTD
NSE:ARCHIES,NSE,ARCHIES,NSE:ARCHIES-EQ,INE731A01020,ARCHIES LTD
NSE:ARCIL,NSE,ARCIL,NSE:ARCIL-EQ,INE148G01016,ASSET RECONSTRUC CO (I) L
NSE:ARCL,NSE,ARCL,NSE:ARCL-EQ,INE372M01010,ARCL ORGANICS LTD.
NSE:ARDEE,NSE,ARDEE,NSE:ARDEE-EQ,INE0XNF01022,ARDEE INDUSTRIES LIMITED
NSE:ARE&M,NSE,ARE&M,NSE:ARE&M-EQ,INE885A01032,AMARA RAJA ENERGY MOB LTD
NSE:ARENTERP,NSE,ARENTERP,NSE:ARENTERP-EQ,INE610C01014,RAJDARSHAN INDUSTRIES LTD
NSE:ARFIN,NSE,ARFIN,NSE:ARFIN-EQ,INE784R01023,ARFIN INDIA LIMITED
NSE:ARIES,NSE,ARIES,NSE:ARIES-BE,INE298I01015,ARIES AGRO LTD.
NSE:ARIHANT,NSE,ARIHANT,NSE:ARIHANT-EQ,INE413D01011,ARIHANT FOUN & HOU LTD
NSE:ARIHANTCAP,NSE,ARIHANTCAP,NSE:ARIHANTCAP-EQ,INE420B01036,ARIHANT CAPITAL MKTS LTD
NSE:ARIHANTSUP,NSE,ARIHANTSUP,NSE:ARIHANTSUP-EQ,INE643K01018,ARIHANT SUPERSTRUCT LTD
NSE:ARIS,NSE,ARIS,NSE:ARIS-EQ,INE0H9P01028,ARISINFRA SOLUTIONS LTD
NSE:ARKADE,NSE,ARKADE,NSE:ARKADE-EQ,INE0QRL01017,ARKADE DEVELOPERS LIMITED
NSE:ARMANFIN,NSE,ARMANFIN,NSE:ARMANFIN-EQ,INE109C01017,ARMAN FIN SERV LTD
NSE:ARMEE,NSE,ARMEE,NSE:ARMEE-EQ,INE0TWE01016,ARMEE INFOTECH LIMITED
NSE:AROGRANITE,NSE,AROGRANITE,NSE:AROGRANITE-EQ,INE210C01013,ARO GRANITE IND. LTD.
NSE:ARROWGREEN,NSE,ARROWGREEN,NSE:ARROWGREEN-EQ,INE570D01018,ARROW GREENTECH LIMITED
NSE:ARSSBL,NSE,ARSSBL,NSE:ARSSBL-EQ,INE549H01021,ANAND RATHI SH N STK BR L
NSE:ARTEMISMED,NSE,ARTEMISMED,NSE:ARTEMISMED-EQ,INE025R01021,ARTEMIS MED SERVICE LTD
NSE:ARTNIRMAN,NSE,ARTNIRMAN,NSE:ARTNIRMAN-EQ,INE738V01013,ART NIRMAN LIMITED
NSE:ARVEE,NSE,ARVEE,NSE:ARVEE-EQ,INE006Z01016,ARVEE LABORATORIES I LTD
NSE:ARVIND,NSE,ARVIND,NSE:ARVIND-EQ,INE034A01011,ARVIND LIMITED
NSE:ARVINDFASN,NSE,ARVINDFASN,NSE:ARVINDFASN-EQ,INE955V01021,ARVIND FASHIONS LIMITED
NSE:ARVSMART,NSE,ARVSMART,NSE:ARVSMART-EQ,INE034S01021,ARVIND SMARTSPACES LTD
NSE:ARYAMAN,NSE,ARYAMAN,NSE:ARYAMAN-EQ,INE032E01017,ARYAMAN FINANCIAL SERV L
NSE:ASAHIINDIA,NSE,ASAHIINDIA,NSE:ASAHIINDIA-EQ,INE439A01020,ASAHI INDIA GLASS LIMITED
NSE:ASAHISONG,NSE,ASAHISONG,NSE:ASAHISONG-BE,INE228I01012,ASAHI SONGWON COLOR LTD
NSE:ASAL,NSE,ASAL,NSE:ASAL-EQ,INE900C01027,AUTOMOTIVE STAMPINGS & AS
NSE:ASALCBR,NSE,ASALCBR,NSE:ASALCBR-EQ,INE073G01016,ASSO ALCOHOLS & BREW LTD
NSE:ASHAPURMIN,NSE,ASHAPURMIN,NSE:ASHAPURMIN-EQ,INE348A01023,ASHAPURA MINECHEM LTD
NSE:ASHIANA,NSE,ASHIANA,NSE:ASHIANA-EQ,INE365D01021,ASHIANA HOUSING LTD
NSE:ASHIKAG,NSE,ASHIKAG,NSE:ASHIKAG-BE,INE094B01013,ASHIKA GLOBAL SEC LTD
NSE:ASHIMASYN,NSE,ASHIMASYN,NSE:ASHIMASYN-EQ,INE440A01010,ASHIMA LTD
NSE:ASHOKA,NSE,ASHOKA,NSE:ASHOKA-EQ,INE442H01029,ASHOKA BUILDCON LTD
NSE:ASHOKAMET,NSE,ASHOKAMET,NSE:ASHOKAMET-EQ,INE760Y01011,ASHOKA METCAST LIMITED
NSE:ASHOKLEY,NSE,ASHOKLEY,NSE:ASHOKLEY-EQ,INE208A01029,ASHOK LEYLAND LTD
NSE:ASIANENE,NSE,ASIANENE,NSE:ASIANENE-EQ,INE276G01015,ASIAN ENERGY SERVICES LTD
NSE:ASIANHOTNR,NSE,ASIANHOTNR,NSE:ASIANHOTNR-EQ,INE363A01022,ASIAN HOTELS (NORTH) LTD
NSE:ASIANPAINT,NSE,ASIANPAINT,NSE:ASIANPAINT-EQ,INE021A01026,ASIAN PAINTS LIMITED
NSE:ASIANTILES,NSE,ASIANTILES,NSE:ASIANTILES-EQ,INE022I01019,ASIAN GRANITO IND. LTD.
NSE:ASIANTNE,NSE,ASIANTNE,NSE:ASIANTNE-EQ,INE822B01017,ASIAN TEA & EXPORTS LTD.
NSE:ASKAUTOLTD,NSE,ASKAUTOLTD,NSE:ASKAUTOLTD-EQ,INE491J01022,ASK AUTOMOTIVE LIMITED
NSE:ASMS,NSE,ASMS,NSE:ASMS-EQ,INE855F01042,AVIO SMART MRKT STACK LTD
NSE:ASPINWALL,NSE,ASPINWALL,NSE:ASPINWALL-EQ,INE991I01015,ASPINWALL & CO LTD
NSE:ASSAMENT,NSE,ASSAMENT,NSE:ASSAMENT-EQ,INE165G01010,ASSAM ENTRADE LIMITED
NSE:ASTAR,NSE,ASTAR,NSE:ASTAR-EQ,INE194D01017,ASIAN STAR CO. LTD.
NSE:ASTEC,NSE,ASTEC,NSE:ASTEC-EQ,INE563J01010,ASTEC LIFESCIENCES LTD
NSE:ASTERDM,NSE,ASTERDM,NSE:ASTERDM-EQ,INE914M01019,ASTER DM QUALITY CARE LTD
NSE:ASTRAL,NSE,ASTRAL,NSE:ASTRAL-EQ,INE006I01046,ASTRAL LIMITED
NSE:ASTRAMICRO,NSE,ASTRAMICRO,NSE:ASTRAMICRO-EQ,INE386C01029,ASTRA MICROWAVE LTD
NSE:ASTRAZEN,NSE,ASTRAZEN,NSE:ASTRAZEN-EQ,INE203A01020,ASTRAZENECA PHARMA IND LT
NSE:ATALREAL,NSE,ATALREAL,NSE:ATALREAL-EQ,INE0ALR01029,ATAL REALTECH LIMITED
NSE:ATAM,NSE,ATAM,NSE:ATAM-EQ,INE09KD01013,ATAM VALVES LIMITED
NSE:ATGL,NSE,ATGL,NSE:ATGL-EQ,INE399L01023,ADANI TOTAL GAS LIMITED
NSE:ATHERENERG,NSE,ATHERENERG,NSE:ATHERENERG-EQ,INE0LEZ01016,ATHER ENERGY LIMITED
NSE:ATL,NSE,ATL,NSE:ATL-EQ,INE0NN701020,ALLCARGO TERMINALS LTD
NSE:ATLANTAA,NSE,ATLANTAA,NSE:ATLANTAA-EQ,INE285H01022,ATLANTAA LIMITED
NSE:ATLANTAELE,NSE,ATLANTAELE,NSE:ATLANTAELE-EQ,INE0Z4F01028,ATLANTA ELECTRICALS LTD
NSE:ATLASCYCLE,NSE,ATLASCYCLE,NSE:ATLASCYCLE-EQ,INE446A01025,ATLAS CYCLE (HARYANA) LTD
NSE:ATUL,NSE,ATUL,NSE:ATUL-EQ,INE100A01010,ATUL LTD
NSE:ATULAUTO,NSE,ATULAUTO,NSE:ATULAUTO-EQ,INE951D01028,ATUL AUTO LIMITED
NSE:AUBANK,NSE,AUBANK,NSE:AUBANK-EQ,INE949L01017,AU SMALL FINANCE BANK LTD
NSE:AUGMONT,NSE,AUGMONT,NSE:AUGMONT-EQ,INE16W401027,AUGMONT ENTERPRISES LTD
NSE:AURIONPRO,NSE,AURIONPRO,NSE:AURIONPRO-EQ,INE132H01018,AURIONPRO SOLN LTD
NSE:AUROPHARMA,NSE,AUROPHARMA,NSE:AUROPHARMA-EQ,INE406A01037,AUROBINDO PHARMA LTD
NSE:AURUM,NSE,AURUM,NSE:AURUM-EQ,INE898S01029,AURUM PROPTECH LIMITED
NSE:AURUS,NSE,AURUS,NSE:AURUS-EQ,INE142K01011,AURUS GEM CORP LIMITED
NSE:AUSOMENT,NSE,AUSOMENT,NSE:AUSOMENT-EQ,INE218C01016,AUSOM ENTERPRISE LIMITED
NSE:AUSTENG,NSE,AUSTENG,NSE:AUSTENG-EQ,INE759F01012,AUSTIN ENGINEERING CO. L
NSE:AUTOAXLES,NSE,AUTOAXLES,NSE:AUTOAXLES-EQ,INE449A01011,AUTOMOTIVE AXLES LIMITED
NSE:AUTOIND,NSE,AUTOIND,NSE:AUTOIND-EQ,INE718H01014,AUTOLINE INDUSTRIES LTD
NSE:AVADHSUGAR,NSE,AVADHSUGAR,NSE:AVADHSUGAR-EQ,INE349W01017,AVADH SUG & ENERGY LTD
NSE:AVALON,NSE,AVALON,NSE:AVALON-EQ,INE0LCL01028,AVALON TECHNOLOGIES LTD
NSE:AVANCE,NSE,AVANCE,NSE:AVANCE-EQ,INE758A01072,AVANCE TECHNOLOGIES LTD.
NSE:AVANTEL,NSE,AVANTEL,NSE:AVANTEL-EQ,INE005B01027,AVANTEL LIMITED
NSE:AVANTIFEED,NSE,AVANTIFEED,NSE:AVANTIFEED-EQ,INE871C01038,AVANTI FEEDS LIMITED
NSE:AVG,NSE,AVG,NSE:AVG-EQ,INE680Z01018,AVG LOGISTICS LIMITED
NSE:AVL,NSE,AVL,NSE:AVL-EQ,INE679V01027,ADITYA VISION LIMITED
NSE:AVONMORE,NSE,AVONMORE,NSE:AVONMORE-EQ,INE323B01024,AVONMORE CAP&MGT SERV LTD
NSE:AVROIND,NSE,AVROIND,NSE:AVROIND-EQ,INE652Z01025,AVRO INDIA LIMITED
NSE:AVTNPL,NSE,AVTNPL,NSE:AVTNPL-EQ,INE488D01021,AVT NATURAL PRODUCTS LTD
NSE:AWFIS,NSE,AWFIS,NSE:AWFIS-EQ,INE108V01019,AWFIS SPACE SOLUTIONS LTD
NSE:AWHCL,NSE,AWHCL,NSE:AWHCL-EQ,INE01BK01022,ANTONY WASTE HDG CELL LTD
NSE:AWL,NSE,AWL,NSE:AWL-EQ,INE699H01024,AWL AGRI BUSINESS LIMITED
NSE:AXISBANK,NSE,AXISBANK,NSE:AXISBANK-EQ,INE238A01034,AXIS BANK LIMITED
NSE:AXISCADES,NSE,AXISCADES,NSE:AXISCADES-EQ,INE555B01013,AXISCADES TECH LTD
NSE:AXITA,NSE,AXITA,NSE:AXITA-EQ,INE02EZ01022,AXITA COTTON LIMITED
NSE:AXTEL,NSE,AXTEL,NSE:AXTEL-EQ,INE767C01012,AXTEL INDUSTRIES LTD.
NSE:AYE,NSE,AYE,NSE:AYE-EQ,INE501X01029,AYE FINANCE LIMITED
NSE:AYMSYNTEX,NSE,AYMSYNTEX,NSE:AYMSYNTEX-EQ,INE193B01039,AYM SYNTEX LIMITED
NSE:AZAD,NSE,AZAD,NSE:AZAD-EQ,INE02IJ01035,AZAD ENGINEERING LIMITED
NSE:AZADIND,NSE,AZADIND,NSE:AZADIND-EQ,INE566M01017,AZAD INDIA MOBILITY LTD.
NSE:BAFNAPH,NSE,BAFNAPH,NSE:BAFNAPH-BE,INE878I01022,BAFNA PHARMACEUTICALS LTD
NSE:BAGFILMS,NSE,BAGFILMS,NSE:BAGFILMS-EQ,INE116D01028,B.A.G FILMS AND MEDIA LTD
NSE:BAIDFIN,NSE,BAIDFIN,NSE:BAIDFIN-EQ,INE020D01022,BAID FINSERV LIMITED
NSE:BAJAJ-AUTO,NSE,BAJAJ-AUTO,NSE:BAJAJ-AUTO-EQ,INE917I01010,BAJAJ AUTO LIMITED
NSE:BAJAJCON,NSE,BAJAJCON,NSE:BAJAJCON-EQ,INE933K01021,BAJAJ CONSUMER CARE LTD
NSE:BAJAJELEC,NSE,BAJAJELEC,NSE:BAJAJELEC-EQ,INE193E01025,BAJAJ ELECT.LTD
NSE:BAJAJFINSV,NSE,BAJAJFINSV,NSE:BAJAJFINSV-EQ,INE918I01026,BAJAJ FINSERV LTD.
NSE:BAJAJHCARE,NSE,BAJAJHCARE,NSE:BAJAJHCARE-EQ,INE411U01027,BAJAJ HEALTHCARE LIMITED
NSE:BAJAJHFL,NSE,BAJAJHFL,NSE:BAJAJHFL-EQ,INE377Y01014,BAJAJ HOUSING FINANCE LTD
NSE:BAJAJHIND,NSE,BAJAJHIND,NSE:BAJAJHIND-EQ,INE306A01021,BAJAJ HINDUSTHAN SUGAR LT
NSE:BAJAJHLDNG,NSE,BAJAJHLDNG,NSE:BAJAJHLDNG-EQ,INE118A01012,BAJAJ HOLDINGS & INVS LTD
NSE:BAJAJINDEF,NSE,BAJAJINDEF,NSE:BAJAJINDEF-EQ,INE0O9T01021,INDEF MANUFACTURING LTD
NSE:BAJAJST,NSE,BAJAJST,NSE:BAJAJST-EQ,INE704G01024,BAJAJ STEEL INDS. LTD.
NSE:BAJEL,NSE,BAJEL,NSE:BAJEL-EQ,INE0KQN01018,BAJEL PROJECTS LIMITED
NSE:BAJFINANCE,NSE,BAJFINANCE,NSE:BAJFINANCE-EQ,INE296A01032,BAJAJ FINANCE LIMITED
NSE:BALAJEE,NSE,BALAJEE,NSE:BALAJEE-EQ,INE0S2G01011,SHREE TIRUPATI BALAJEE L
NSE:BALAJITELE,NSE,BALAJITELE,NSE:BALAJITELE-EQ,INE794B01026,BALAJI TELEFILMS LIMITED.
NSE:BALAMINES,NSE,BALAMINES,NSE:BALAMINES-EQ,INE050E01027,BALAJI AMINES LIMITED
NSE:BALAXI,NSE,BALAXI,NSE:BALAXI-EQ,INE618N01022,BALAXI PHARMA LTD
NSE:BALKRISHNA,NSE,BALKRISHNA,NSE:BALKRISHNA-EQ,INE875R01011,BALKRISHNA PAPER MILLS L
NSE:BALKRISIND,NSE,BALKRISIND,NSE:BALKRISIND-EQ,INE787D01026,BALKRISHNA IND. LTD
NSE:BALMLAWRIE,NSE,BALMLAWRIE,NSE:BALMLAWRIE-EQ,INE164A01016,BALMER LAWRIE & CO LTD
NSE:BALPHARMA,NSE,BALPHARMA,NSE:BALPHARMA-BE,INE083D01012,BAL PHARMA LTD.
NSE:BALRAMCHIN,NSE,BALRAMCHIN,NSE:BALRAMCHIN-EQ,INE119A01028,BALRAMPUR CHINI MILLS LTD
NSE:BALUFORGE,NSE,BALUFORGE,NSE:BALUFORGE-EQ,INE011E01029,BALU FORGE INDUSTRIES LTD
NSE:BANARBEADS,NSE,BANARBEADS,NSE:BANARBEADS-EQ,INE655B01011,BANARAS BEADS LTD
NSE:BANARISUG,NSE,BANARISUG,NSE:BANARISUG-EQ,INE459A01010,BANNARI AMMAN SUGARS LTD
NSE:BANCOINDIA,NSE,BANCOINDIA,NSE:BANCOINDIA-EQ,INE213C01025,BANCO PRODUCTS (I) LTD
NSE:BANDHANBNK,NSE,BANDHANBNK,NSE:BANDHANBNK-EQ,INE545U01014,BANDHAN BANK LIMITED
NSE:BANG,NSE,BANG,NSE:BANG-EQ,INE863I01016,BANG OVERSEAS LTD.
NSE:BANKA,NSE,BANKA,NSE:BANKA-EQ,INE862Y01015,BANKA BIOLOO LIMITED
NSE:BANKBARODA,NSE,BANKBARODA,NSE:BANKBARODA-EQ,INE028A01039,BANK OF BARODA
NSE:BANKINDIA,NSE,BANKINDIA,NSE:BANKINDIA-EQ,INE084A01016,BANK OF INDIA
NSE:BANSALWIRE,NSE,BANSALWIRE,NSE:BANSALWIRE-EQ,INE0B9K01025,BANSAL WIRE INDUSTRIES L
NSE:BANSWRAS,NSE,BANSWRAS,NSE:BANSWRAS-EQ,INE629D01020,BANSWARA SYNTEX LIMITED
NSE:BASF,NSE,BASF,NSE:BASF-EQ,INE373A01013,BASF INDIA LTD
NSE:BASML,NSE,BASML,NSE:BASML-EQ,INE186H01022,BANNARI AM SPIN MILL LTD.
NSE:BATAINDIA,NSE,BATAINDIA,NSE:BATAINDIA-EQ,INE176A01028,BATA INDIA LTD
NSE:BATLIBOI,NSE,BATLIBOI,NSE:BATLIBOI-EQ,INE177C01022,BATLIBOI LTD.
NSE:BAYERCROP,NSE,BAYERCROP,NSE:BAYERCROP-EQ,INE462A01022,BAYER CROPSCIENCE LTD
NSE:BBL,NSE,BBL,NSE:BBL-EQ,INE464A01036,BHARAT BIJLEE LTD
NSE:BBOX,NSE,BBOX,NSE:BBOX-EQ,INE676A01027,BLACK BOX LIMITED
NSE:BBTC,NSE,BBTC,NSE:BBTC-EQ,INE050A01025,BOMBAY BURMAH TRADING COR
NSE:BBTCL,NSE,BBTCL,NSE:BBTCL-EQ,INE01EE01011,B&B TRIPLEWALL CONT LTD
NSE:BCG,NSE,BCG,NSE:BCG-EQ,INE425B01027,BRIGHTCOM GROUP LIMITED
NSE:BCLIND,NSE,BCLIND,NSE:BCLIND-EQ,INE412G01024,BCL INDUSTRIES LIMITED
NSE:BCONCEPTS,NSE,BCONCEPTS,NSE:BCONCEPTS-EQ,INE977Y01011,BRAND CONCEPTS LIMITED
NSE:BCPL,NSE,BCPL,NSE:BCPL-EQ,INE00SW01015,BCPL RAILWAY INFRA LTD
NSE:BDL,NSE,BDL,NSE:BDL-EQ,INE171Z01026,BHARAT DYNAMICS LIMITED
NSE:BEARDSELL,NSE,BEARDSELL,NSE:BEARDSELL-EQ,INE520H01022,BEARDSELL LIMITED
NSE:BECTORFOOD,NSE,BECTORFOOD,NSE:BECTORFOOD-EQ,INE495P01020,MRS BECTORS FOOD SPE LTD
NSE:BEDMUTHA,NSE,BEDMUTHA,NSE:BEDMUTHA-EQ,INE844K01012,BEDMUTHA INDUST LTD
NSE:BEEKAY,NSE,BEEKAY,NSE:BEEKAY-EQ,INE213D01015,BEEKAY STEEL INDS. LTD.
NSE:BEL,NSE,BEL,NSE:BEL-EQ,INE263A01024,BHARAT ELECTRONICS LTD
NSE:BELLACASA,NSE,BELLACASA,NSE:BELLACASA-EQ,INE344T01014,BELLA CASA FASH AND RET L
NSE:BELRISE,NSE,BELRISE,NSE:BELRISE-EQ,INE894V01022,BELRISE INDUSTRIES LTD
NSE:BEML,NSE,BEML,NSE:BEML-EQ,INE258A01024,BEML LIMITED
NSE:BENARAS,NSE,BENARAS,NSE:BENARAS-EQ,INE664D01019,BENARES HOTELS LTD.
NSE:BENGALASM,NSE,BENGALASM,NSE:BENGALASM-EQ,INE083K01017,BENGAL & ASSAM CO. LTD.
NSE:BEPL,NSE,BEPL,NSE:BEPL-EQ,INE922A01025,BHANSALI ENG. POLYMERS LT
NSE:BERGEPAINT,NSE,BERGEPAINT,NSE:BERGEPAINT-EQ,INE463A01038,BERGER PAINTS (I) LTD
NSE:BESTAGRO,NSE,BESTAGRO,NSE:BESTAGRO-EQ,INE052T01021,BEST AGROLIFE LIMITED
NSE:BETA,NSE,BETA,NSE:BETA-EQ,INE351Y01019,BETA DRUGS LIMITED
NSE:BFINVEST,NSE,BFINVEST,NSE:BFINVEST-EQ,INE878K01010,BF INVESTMENT LIMITED
NSE:BFUTILITIE,NSE,BFUTILITIE,NSE:BFUTILITIE-EQ,INE243D01012,BF UTILITIES LIMITED
NSE:BGRENERGY,NSE,BGRENERGY,NSE:BGRENERGY-BE,INE661I01014,BGR ENERGY SYSTEMS LTD
NSE:BHAGCHEM,NSE,BHAGCHEM,NSE:BHAGCHEM-EQ,INE414D01027,BHAGIRADHA CHEM & INDS L
NSE:BHAGERIA,NSE,BHAGERIA,NSE:BHAGERIA-EQ,INE354C01027,BHAGERIA INDUSTRIES LTD
NSE:BHAGYANGR,NSE,BHAGYANGR,NSE:BHAGYANGR-EQ,INE458B01036,BHAGYANAGAR INDIA LIMITED
NSE:BHANDARI,NSE,BHANDARI,NSE:BHANDARI-EQ,INE474E01029,BHANDARI HOSIERY EXP LTD
NSE:BHARATCOAL,NSE,BHARATCOAL,NSE:BHARATCOAL-EQ,INE05XR01022,BHARAT COKING COAL LTD
NSE:BHARATFORG,NSE,BHARATFORG,NSE:BHARATFORG-EQ,INE465A01025,BHARAT FORGE LTD
NSE:BHARATGEAR,NSE,BHARATGEAR,NSE:BHARATGEAR-BE,INE561C01019,BHARAT GEARS LTD
NSE:BHARATRAS,NSE,BHARATRAS,NSE:BHARATRAS-EQ,INE838B01021,BHARAT RASAYAN LTD
NSE:BHARATSE,NSE,BHARATSE,NSE:BHARATSE-EQ,INE415D01024,BHARAT SEATS LIMITED
NSE:BHARATWIRE,NSE,BHARATWIRE,NSE:BHARATWIRE-EQ,INE316L01019,BHARAT WIRE ROPES LTD.
NSE:BHARTIARTL,NSE,BHARTIARTL,NSE:BHARTIARTL-EQ,INE397D01024,BHARTI AIRTEL LIMITED
NSE:BHARTIHEXA,NSE,BHARTIHEXA,NSE:BHARTIHEXA-EQ,INE343G01021,BHARTI HEXACOM LIMITED
NSE:BHEL,NSE,BHEL,NSE:BHEL-EQ,INE257A01026,BHEL
NSE:BI,NSE,BI,NSE:BI-BE,INE986A01012,BILCARE LTD.
NSE:BIGBLOC,NSE,BIGBLOC,NSE:BIGBLOC-EQ,INE412U01025,BIGBLOC CONSTRUCTION LTD
NSE:BIKAJI,NSE,BIKAJI,NSE:BIKAJI-EQ,INE00E101023,BIKAJI FOODS INTERN LTD
NSE:BIL,NSE,BIL,NSE:BIL-EQ,INE828A01016,BHARTIYA INTERNATIONAL
NSE:BILVYAPAR,NSE,BILVYAPAR,NSE:BILVYAPAR-BE,INE071A01013,BIL VYAPAR LIMITED
NSE:BIMETAL,NSE,BIMETAL,NSE:BIMETAL-EQ,INE469A01019,BIMETAL BEARINGS LTD.
NSE:BIOCON,NSE,BIOCON,NSE:BIOCON-EQ,INE376G01013,BIOCON LIMITED.
NSE:BIOFILCHEM,NSE,BIOFILCHEM,NSE:BIOFILCHEM-EQ,INE829A01014,BIOFIL CHEM & PHARMA LTD
NSE:BIRLACABLE,NSE,BIRLACABLE,NSE:BIRLACABLE-EQ,INE800A01015,BIRLA CABLE LIMITED
NSE:BIRLACORPN,NSE,BIRLACORPN,NSE:BIRLACORPN-EQ,INE340A01012,BIRLA CORPORATION LTD
NSE:BIRLAMONEY,NSE,BIRLAMONEY,NSE:BIRLAMONEY-EQ,INE865C01022,ADITYA BIRLA MONEY LTD
NSE:BIRLANU,NSE,BIRLANU,NSE:BIRLANU-EQ,INE557A01011,BIRLANU LIMITED
NSE:BIRLAPREC,NSE,BIRLAPREC,NSE:BIRLAPREC-BE,INE372E01025,BIRLA PRECISION TECH L
NSE:BLACKBUCK,NSE,BLACKBUCK,NSE:BLACKBUCK-EQ,INE0UIZ01018,BLACKBUCK LIMITED
NSE:BLACKROSE,NSE,BLACKROSE,NSE:BLACKROSE-EQ,INE761G01016,BLACK ROSE INDS. LTD.
NSE:BLAL,NSE,BLAL,NSE:BLAL-EQ,INE0N7W01012,BEML LAND ASSETS LIMITED
NSE:BLBLIMITED,NSE,BLBLIMITED,NSE:BLBLIMITED-EQ,INE791A01024,BLB LIMITED
NSE:BLEL,NSE,BLEL,NSE:BLEL-EQ,INE1EEM01017,BEHARI LAL ENGINEERING L
NSE:BLIL,NSE,BLIL,NSE:BLIL-EQ,INE525F01025,BALMER LAWRIE INVSTS. L
NSE:BLISSGVS,NSE,BLISSGVS,NSE:BLISSGVS-BE,INE416D01022,BLISS GVS PHARMA LTD
NSE:BLKASHYAP,NSE,BLKASHYAP,NSE:BLKASHYAP-EQ,INE350H01032,B.L.KASHYAP & SON LTD
NSE:BLS,NSE,BLS,NSE:BLS-EQ,INE153T01027,BLS INTL SERVS LTD
NSE:BLSE,NSE,BLSE,NSE:BLSE-EQ,INE0NLT01028,BLS E-SERVICES LIMITED
NSE:BLUECLOUDS,NSE,BLUECLOUDS,NSE:BLUECLOUDS-EQ,INE373T01047,BLUE CLOUD SOFTECH SOLU L
NSE:BLUECOAST,NSE,BLUECOAST,NSE:BLUECOAST-EQ,INE472B01011,BLUE COAST HOTELS LIMITED
NSE:BLUEDART,NSE,BLUEDART,NSE:BLUEDART-EQ,INE233B01017,BLUE DART EXPRESS LTD
NSE:BLUEJET,NSE,BLUEJET,NSE:BLUEJET-EQ,INE0KBH01020,BLUE JET HEALTHCARE LTD
NSE:BLUESTARCO,NSE,BLUESTARCO,NSE:BLUESTARCO-EQ,INE472A01039,BLUE STAR LIMITED
NSE:BLUESTONE,NSE,BLUESTONE,NSE:BLUESTONE-EQ,INE304W01038,BLUESTONE JEWEL LFSTL LTD
NSE:BLUSPRING,NSE,BLUSPRING,NSE:BLUSPRING-EQ,INE0U4101014,BLUSPRING ENTERPRISES LTD
NSE:BMWVENTLTD,NSE,BMWVENTLTD,NSE:BMWVENTLTD-EQ,INE965W01036,BMW VENTURES LIMITED
NSE:BNAGROCHEM,NSE,BNAGROCHEM,NSE:BNAGROCHEM-EQ,INE00HZ01011,BN AGROCHEM LTD.
NSE:BNALTD,NSE,BNALTD,NSE:BNALTD-BE,INE489D01011,B & A LTD.
NSE:BODALCHEM,NSE,BODALCHEM,NSE:BODALCHEM-BE,INE338D01028,BODAL CHEMICALS LTD
NSE:BOHRAIND,NSE,BOHRAIND,NSE:BOHRAIND-EQ,INE802W01023,BOHRA INDUSTRIES LIMITED
NSE:BOMDYEING,NSE,BOMDYEING,NSE:BOMDYEING-EQ,INE032A01023,BOMBAY DYEING & MFG. CO L
NSE:BONLON,NSE,BONLON,NSE:BONLON-EQ,INE0B9A01018,BONLON INDUSTRIES LIMITED
NSE:BORANA,NSE,BORANA,NSE:BORANA-EQ,INE16SF01016,BORANA WEAVES LIMITED
NSE:BOROLTD,NSE,BOROLTD,NSE:BOROLTD-EQ,INE02PY01013,BOROSIL LIMITED
NSE:BORORENEW,NSE,BORORENEW,NSE:BORORENEW-EQ,INE666D01022,BOROSIL RENEWABLES LTD
NSE:BOROSCI,NSE,BOROSCI,NSE:BOROSCI-EQ,INE02L001032,BOROSIL SCIENTIFIC LTD
NSE:BOSCH-HCIL,NSE,BOSCH-HCIL,NSE:BOSCH-HCIL-EQ,INE782A01015,BOSCH HOME COMFRT IND LTD
NSE:BOSCHLTD,NSE,BOSCHLTD,NSE:BOSCHLTD-EQ,INE323A01026,BOSCH LIMITED
NSE:BPCL,NSE,BPCL,NSE:BPCL-EQ,INE029A01011,BHARAT PETROLEUM CORP  LT
NSE:BPL,NSE,BPL,NSE:BPL-EQ,INE110A01019,BPL LTD
NSE:BPLPHARMA,NSE,BPLPHARMA,NSE:BPLPHARMA-EQ,INE365Y01019,BHARAT PARENTERALS LTD.
NSE:BRAHMINFRA,NSE,BRAHMINFRA,NSE:BRAHMINFRA-EQ,INE320I01017,BRAHMAPUTRA INFRA L
NSE:BRIGADE,NSE,BRIGADE,NSE:BRIGADE-EQ,INE791I01019,BRIGADE ENTER. LTD
NSE:BRIGHOTEL,NSE,BRIGHOTEL,NSE:BRIGHOTEL-EQ,INE03NU01014,BRIGADE HOTEL VENTURE LTD
NSE:BRIGHTBR,NSE,BRIGHTBR,NSE:BRIGHTBR-EQ,INE630D01010,BRIGHT BROTHERS LTD.
NSE:BRITANNIA,NSE,BRITANNIA,NSE:BRITANNIA-EQ,INE216A01030,BRITANNIA INDUSTRIES LTD
NSE:BRNL,NSE,BRNL,NSE:BRNL-EQ,INE727S01012,BHARAT ROAD NETWORK LTD
NSE:BROOKS,NSE,BROOKS,NSE:BROOKS-EQ,INE650L01011,BROOKS LAB LIMITED
NSE:BSE,NSE,BSE,NSE:BSE-EQ,INE118H01025,BSE LIMITED
NSE:BSHSL,NSE,BSHSL,NSE:BSHSL-EQ,INE032Z01020,BOMBAY SUPER HYBRID SEEDS
NSE:BSL,NSE,BSL,NSE:BSL-EQ,INE594B01012,BSL LTD
NSE:BSOFT,NSE,BSOFT,NSE:BSOFT-EQ,INE836A01035,BIRLASOFT LIMITED
NSE:BTML,NSE,BTML,NSE:BTML-EQ,INE0EEJ01023,BODHI TREE MULTIMEDIA LTD
NSE:BTTL,NSE,BTTL,NSE:BTTL-BE,INE274K01012,BHILWARA TECHNICAL TEXT L
NSE:BUILDPRO,NSE,BUILDPRO,NSE:BUILDPRO-EQ,INE24OJ01011,SHANKARA BUILDPRO LIMITED
NSE:BURNPUR,NSE,BURNPUR,NSE:BURNPUR-BE,INE817H01022,BURNPUR CEMENT LIMITED
NSE:BUTTERFLY,NSE,BUTTERFLY,NSE:BUTTERFLY-EQ,INE295F01017,BTRFLY GANDHI APPL LTD
NSE:BVCL,NSE,BVCL,NSE:BVCL-EQ,INE139I01011,BARAK VALLEY CEM. LTD.
NSE:BYKE,NSE,BYKE,NSE:BYKE-EQ,INE319B01014,THE BYKE HOSPITALITY LTD
NSE:CALSOFT,NSE,CALSOFT,NSE:CALSOFT-BE,INE526B01014,CALIFORNIA SOFTWARE CO LT
NSE:CAMLINFINE,NSE,CAMLINFINE,NSE:CAMLINFINE-EQ,INE052I01032,CAMLIN FINE SCIENCES LTD
NSE:CAMPUS,NSE,CAMPUS,NSE:CAMPUS-EQ,INE278Y01022,CAMPUS ACTIVEWEAR LIMITED
NSE:CAMS,NSE,CAMS,NSE:CAMS-EQ,INE596I01020,COMPUTER AGE MNGT SER LTD
NSE:CANBK,NSE,CANBK,NSE:CANBK-EQ,INE476A01022,CANARA BANK
NSE:CANFINHOME,NSE,CANFINHOME,NSE:CANFINHOME-EQ,INE477A01020,CAN FIN HOMES LTD
NSE:CANHLIFE,NSE,CANHLIFE,NSE:CANHLIFE-EQ,INE01TY01017,CANARA HSBC LIFE INS CO L
NSE:CANTABIL,NSE,CANTABIL,NSE:CANTABIL-EQ,INE068L01024,CANTABIL RETAIL LTD
NSE:CAPACITE,NSE,CAPACITE,NSE:CAPACITE-EQ,INE264T01014,CAPACITE INFRAPROJECT LTD
NSE:CAPILLARY,NSE,CAPILLARY,NSE:CAPILLARY-EQ,INE0ILV01024,CAPILLARY TECHNO INDIA L
NSE:CAPITALSFB,NSE,CAPITALSFB,NSE:CAPITALSFB-EQ,INE646H01017,CAPITAL SMALL FIN BANK L
NSE:CAPLIPOINT,NSE,CAPLIPOINT,NSE:CAPLIPOINT-EQ,INE475E01026,CAPLIN POINT LAB LTD.
NSE:CAPTRUST,NSE,CAPTRUST,NSE:CAPTRUST-BE,INE707C01018,CAPITAL TRUST LIMITED
NSE:CARBORUNIV,NSE,CARBORUNIV,NSE:CARBORUNIV-EQ,INE120A01034,CARBORUNDUM UNIVERSAL LTD
NSE:CARERATING,NSE,CARERATING,NSE:CARERATING-EQ,INE752H01013,CARE RATINGS LIMITED
NSE:CARRARO,NSE,CARRARO,NSE:CARRARO-EQ,INE0V7W01012,CARRARO INDIA LIMITED
NSE:CARTRADE,NSE,CARTRADE,NSE:CARTRADE-EQ,INE290S01011,CARTRADE TECH LIMITED
NSE:CARYSIL,NSE,CARYSIL,NSE:CARYSIL-EQ,INE482D01024,CARYSIL LIMITED
NSE:CASTROLIND,NSE,CASTROLIND,NSE:CASTROLIND-EQ,INE172A01027,CASTROL INDIA LIMITED
NSE:CCAVENUE,NSE,CCAVENUE,NSE:CCAVENUE-EQ,INE483S01020,AVENUESAI LIMITED
NSE:CCCL,NSE,CCCL,NSE:CCCL-EQ,INE429I01024,CONS. CONST. CONSORT LTD
NSE:CCHHL,NSE,CCHHL,NSE:CCHHL-EQ,INE652F01027,COUNTRY CLUB HOSP HOL LTD
NSE:CCL,NSE,CCL,NSE:CCL-EQ,INE421D01022,CCL PRODUCTS (I) LTD
NSE:CDSL,NSE,CDSL,NSE:CDSL-EQ,INE736A01011,CENTRAL DEPO SER (I) LTD
NSE:CEATLTD,NSE,CEATLTD,NSE:CEATLTD-EQ,INE482A01020,CEAT LIMITED
NSE:CEIGALL,NSE,CEIGALL,NSE:CEIGALL-EQ,INE0AG901020,CEIGALL INDIA LIMITED
NSE:CEINSYS,NSE,CEINSYS,NSE:CEINSYS-EQ,INE016Q01014,CEINSYS TECH LIMITED
NSE:CELEBRITY,NSE,CELEBRITY,NSE:CELEBRITY-EQ,INE185H01016,CELEBRITY FASHIONS LTD
NSE:CELLO,NSE,CELLO,NSE:CELLO-EQ,INE0LMW01024,CELLO WORLD LIMITED
NSE:CEMPRO,NSE,CEMPRO,NSE:CEMPRO-EQ,INE686A01026,CEMINDIA PROJECTS LIMITED
NSE:CENTENKA,NSE,CENTENKA,NSE:CENTENKA-EQ,INE485A01015,CENTURY ENKA LTD
NSE:CENTEXT,NSE,CENTEXT,NSE:CENTEXT-EQ,INE281A01026,CENTURY EXTRUSIONS LTD
NSE:CENTEXT-RE,NSE,CENTEXT-RE,NSE:CENTEXT-RE-BE,INE281A20018,CENTURY EXTRUSIONS LTD
NSE:CENTRALBK,NSE,CENTRALBK,NSE:CENTRALBK-EQ,INE483A01010,CENTRAL BANK OF INDIA
NSE:CENTRUM,NSE,CENTRUM,NSE:CENTRUM-EQ,INE660C01027,CENTRUM CAPITAL LIMITED
NSE:CENTUM,NSE,CENTUM,NSE:CENTUM-EQ,INE320B01020,CENTUM ELECTRONICS LTD
NSE:CENTURYPLY,NSE,CENTURYPLY,NSE:CENTURYPLY-EQ,INE348B01021,CENTURY PLYBOARDS (I) LTD
NSE:CERA,NSE,CERA,NSE:CERA-EQ,INE739E01017,CERA SANITARYWARE LTD
NSE:CESC,NSE,CESC,NSE:CESC-EQ,INE486A01021,CESC LTD
NSE:CEWATER,NSE,CEWATER,NSE:CEWATER-EQ,INE037Z01029,CONCORD ENVIRO SYSTEMS L
NSE:CFEL,NSE,CFEL,NSE:CFEL-BE,INE700F01024,CONFIDENCE FUTURIST ENE L
NSE:CGCL,NSE,CGCL,NSE:CGCL-EQ,INE180C01042,CAPRI GLOBAL CAPITAL LTD
NSE:CGPOWER,NSE,CGPOWER,NSE:CGPOWER-EQ,INE067A01029,CG POWER AND IND SOL LTD
NSE:CGVAK,NSE,CGVAK,NSE:CGVAK-EQ,INE084D01010,C G V A K SOFTWARE & EX L
NSE:CHALET,NSE,CHALET,NSE:CHALET-EQ,INE427F01016,CHALET HOTELS LIMITED
NSE:CHAMBLFERT,NSE,CHAMBLFERT,NSE:CHAMBLFERT-EQ,INE085A01013,CHAMBAL FERTILIZERS LTD
NSE:CHEMBOND,NSE,CHEMBOND,NSE:CHEMBOND-EQ,INE995D01025,CHEMBOND MATERIALTECH LTD
NSE:CHEMBONDCH,NSE,CHEMBONDCH,NSE:CHEMBONDCH-BE,INE0TGX01019,CHEMBOND CHEMICAL LIMITED
NSE:CHEMCON,NSE,CHEMCON,NSE:CHEMCON-EQ,INE03YM01018,CHEMCON SPECIAL CHEM LTD
NSE:CHEMCRUX,NSE,CHEMCRUX,NSE:CHEMCRUX-EQ,INE298W01016,CHEMCRUX ENTERPRISES LTD.
NSE:CHEMFAB,NSE,CHEMFAB,NSE:CHEMFAB-EQ,INE783X01023,CHEMFAB ALKALIS LIMITED
NSE:CHEMPLASTS,NSE,CHEMPLASTS,NSE:CHEMPLASTS-EQ,INE488A01050,CHEMPLAST SANMAR LIMITED
NSE:CHENNPETRO,NSE,CHENNPETRO,NSE:CHENNPETRO-EQ,INE178A01016,CHENNAI PETROLEUM CORP LT
NSE:CHEVIOT,NSE,CHEVIOT,NSE:CHEVIOT-EQ,INE974B01016,CHEVIOT COMPANY LIMITED
NSE:CHOICEIN,NSE,CHOICEIN,NSE:CHOICEIN-EQ,INE102B01014,CHOICE INTERNATIONAL LTD
NSE:CHOLAFIN,NSE,CHOLAFIN,NSE:CHOLAFIN-EQ,INE121A01024,CHOLAMANDALAM IN & FIN CO
NSE:CHOLAHLDNG,NSE,CHOLAHLDNG,NSE:CHOLAHLDNG-EQ,INE149A01033,CHOLAMANDALAM FIN HOL LTD
NSE:CIEINDIA,NSE,CIEINDIA,NSE:CIEINDIA-EQ,INE536H01010,CIE AUTOMOTIVE INDIA LTD
NSE:CIFL,NSE,CIFL,NSE:CIFL-EQ,INE345H01024,CAPITAL INDIA FINANCE LTD
NSE:CINELINE,NSE,CINELINE,NSE:CINELINE-EQ,INE704H01022,CINELINE INDIA LIMITED
NSE:CINEVISTA,NSE,CINEVISTA,NSE:CINEVISTA-EQ,INE039B01026,CINEVISTA LIMITED
NSE:CIPLA,NSE,CIPLA,NSE:CIPLA-EQ,INE059A01026,CIPLA LTD
NSE:CLEAN,NSE,CLEAN,NSE:CLEAN-EQ,INE227W01023,CLEAN SCIENCE & TECH LTD
NSE:CLEANMAX,NSE,CLEANMAX,NSE:CLEANMAX-EQ,INE647U01026,CLEAN MAX ENVIRO EN SOL L
NSE:CLEDUCATE,NSE,CLEDUCATE,NSE:CLEDUCATE-EQ,INE201M01029,CL EDUCATE LIMITED
NSE:CLSEL,NSE,CLSEL,NSE:CLSEL-EQ,INE419D01026,CHAMAN LAL SETIA EXP LTD
NSE:CMLL,NSE,CMLL,NSE:CMLL-EQ,INE11XY01018,CALIBER MINING AND LOG L
NSE:CMPDI,NSE,CMPDI,NSE:CMPDI-EQ,INE05HV01027,CENTRAL MINE P N D INST L
NSE:CMRGREEN,NSE,CMRGREEN,NSE:CMRGREEN-EQ,INE00WV01027,CMR GREEN TECHNOLOGIES L
NSE:CMSINFO,NSE,CMSINFO,NSE:CMSINFO-EQ,INE925R01014,CMS INFO SYSTEMS LIMITED
NSE:CNL,NSE,CNL,NSE:CNL-EQ,INE985W01018,CREATIVE NEWTECH LIMITED
NSE:COALINDIA,NSE,COALINDIA,NSE:COALINDIA-EQ,INE522F01014,COAL INDIA LTD
NSE:COASTCORP,NSE,COASTCORP,NSE:COASTCORP-EQ,INE377E01024,COASTAL CORPORATION LTD
NSE:COCHINSHIP,NSE,COCHINSHIP,NSE:COCHINSHIP-EQ,INE704P01025,COCHIN SHIPYARD LIMITED
NSE:COCKERILL,NSE,COCKERILL,NSE:COCKERILL-EQ,INE515A01019,JOHN COCKERILL INDIA LTD.
NSE:COFFEEDAY,NSE,COFFEEDAY,NSE:COFFEEDAY-EQ,INE335K01011,COFFEE DAY ENTERPRISE LTD
NSE:COFORGE,NSE,COFORGE,NSE:COFORGE-EQ,INE591G01025,COFORGE LIMITED
NSE:COHANCE,NSE,COHANCE,NSE:COHANCE-EQ,INE03QK01018,COHANCE LIFESCIENCES LTD
NSE:COLPAL,NSE,COLPAL,NSE:COLPAL-EQ,INE259A01022,COLGATE PALMOLIVE LTD.
NSE:COMFINTE,NSE,COMFINTE,NSE:COMFINTE-EQ,INE819A01049,COMFORT INTECH LTD.
NSE:COMPEAU,NSE,COMPEAU,NSE:COMPEAU-EQ,INE823B01015,COMPETENT AUTOMOB CO. L
NSE:COMPUSOFT,NSE,COMPUSOFT,NSE:COMPUSOFT-EQ,INE453B01029,COMPUCOM SOFTWARE LTD
NSE:COMSYN,NSE,COMSYN,NSE:COMSYN-EQ,INE073V01015,COMMERCIAL SYN BAGS LTD
NSE:CONCOR,NSE,CONCOR,NSE:CONCOR-EQ,INE111A01025,CONTAINER CORP OF IND LTD
NSE:CONCORDBIO,NSE,CONCORDBIO,NSE:CONCORDBIO-EQ,INE338H01029,CONCORD BIOTECH LIMITED
NSE:CONFIPET,NSE,CONFIPET,NSE:CONFIPET-EQ,INE552D01024,CONFIDENCE PETRO IND LTD.
NSE:CONSOFINVT,NSE,CONSOFINVT,NSE:CONSOFINVT-BE,INE025A01027,CONSO. FIN. & HOLD. LTD.
NSE:CONTROLPR,NSE,CONTROLPR,NSE:CONTROLPR-EQ,INE663B01015,CONTROL PRINT LIMITED
NSE:CORALFINAC,NSE,CORALFINAC,NSE:CORALFINAC-EQ,INE558D01021,CORAL INDIA FIN & HOUS LT
NSE:CORDELIA,NSE,CORDELIA,NSE:CORDELIA-EQ,INE0LZF01039,WATERWAYS LEISURE TOUR L
NSE:CORDSCABLE,NSE,CORDSCABLE,NSE:CORDSCABLE-BE,INE792I01017,CORDS CABLE INDUS LTD.
NSE:COROMANDEL,NSE,COROMANDEL,NSE:COROMANDEL-EQ,INE169A01031,COROMANDEL INTERNTL. LTD
NSE:CORONA,NSE,CORONA,NSE:CORONA-EQ,INE02ZQ01018,CORONA REMEDIES LIMITED
NSE:COSMOFIRST,NSE,COSMOFIRST,NSE:COSMOFIRST-EQ,INE757A01017,COSMO FIRST LIMITED
NSE:COUNCODOS,NSE,COUNCODOS,NSE:COUNCODOS-BE,INE695B01025,COUNTRY CONDO S LIMITED
NSE:CPCAP,NSE,CPCAP,NSE:CPCAP-EQ,INE521J01018,CP CAPITAL LIMITED
NSE:CPEDU,NSE,CPEDU,NSE:CPEDU-EQ,INE0P6P01016,CAREER POINT EDUTECH LTD
NSE:CPL,NSE,CPL,NSE:CPL-EQ,INE536P01021,CAPTAIN POLYPLAST LIMITED
NSE:CPPLUS,NSE,CPPLUS,NSE:CPPLUS-EQ,INE819V01029,ADITYA INFOTECH LIMITED
NSE:CRAFTSMAN,NSE,CRAFTSMAN,NSE:CRAFTSMAN-EQ,INE00LO01017,CRAFTSMAN AUTOMATION LTD
NSE:CRAMC,NSE,CRAMC,NSE:CRAMC-EQ,INE218I01013,CANARA ROBECO AMC LIMITED
NSE:CRAVATEX,NSE,CRAVATEX,NSE:CRAVATEX-EQ,INE145E01017,CRAVATEX LTD.
NSE:CREATIVEYE,NSE,CREATIVEYE,NSE:CREATIVEYE-EQ,INE230B01021,CREATIVE EYE LIMITED
NSE:CREDITACC,NSE,CREDITACC,NSE:CREDITACC-EQ,INE741K01010,CREDITACCESS GRAMEEN LTD
NSE:CREST,NSE,CREST,NSE:CREST-EQ,INE559D01011,CREST VENTURES LIMITED
NSE:CRESTO,NSE,CRESTO,NSE:CRESTO-BE,INE203Y01012,CRESTO TECHNO LIMITED
NSE:CRISIL,NSE,CRISIL,NSE:CRISIL-EQ,INE007A01025,CRISIL LTD
NSE:CRIZAC,NSE,CRIZAC,NSE:CRIZAC-EQ,INE0S4R01014,CRIZAC LIMITED
NSE:CROMPTON,NSE,CROMPTON,NSE:CROMPTON-EQ,INE299U01018,CROMPT GREA CON ELEC LTD
NSE:CROWN,NSE,CROWN,NSE:CROWN-EQ,INE491V01019,CROWN LIFTERS LIMITED
NSE:CSBBANK,NSE,CSBBANK,NSE:CSBBANK-EQ,INE679A01013,CSB BANK LIMITED
NSE:CSLFINANCE,NSE,CSLFINANCE,NSE:CSLFINANCE-EQ,INE718F01018,CSL FINANCE LIMITED
NSE:CSM,NSE,CSM,NSE:CSM-EQ,INE0ZK601013,CSM TECHNOLOGIES LIMITED
NSE:CTE,NSE,CTE,NSE:CTE-BE,INE627H01017,CAMBRIDGE TECH ENTER LTD
NSE:CUB,NSE,CUB,NSE:CUB-EQ,INE491A01021,CITY UNION BANK LTD
NSE:CUBEXTUB,NSE,CUBEXTUB,NSE:CUBEXTUB-BE,INE144D01012,CUBEXTUBINGS-ROLLSETT
NSE:CUMMINSIND,NSE,CUMMINSIND,NSE:CUMMINSIND-EQ,INE298A01020,CUMMINS INDIA LTD
NSE:CUPID,NSE,CUPID,NSE:CUPID-EQ,INE509F01029,CUPID LIMITED
NSE:CURAA,NSE,CURAA,NSE:CURAA-BE,INE117B01020,CURA TECHNOLOGIES LIMITED
NSE:CYBERMEDIA,NSE,CYBERMEDIA,NSE:CYBERMEDIA-BE,INE278G01037,CYBER MEDIA (INDIA) LTD.
NSE:CYBERTECH,NSE,CYBERTECH,NSE:CYBERTECH-EQ,INE214A01019,CYBERTECH SYSTEMS & SOFTW
NSE:CYIENT,NSE,CYIENT,NSE:CYIENT-EQ,INE136B01020,CYIENT LIMITED
NSE:CYIENTDLM,NSE,CYIENTDLM,NSE:CYIENTDLM-EQ,INE055S01018,CYIENT DLM LIMITED
NSE:DABUR,NSE,DABUR,NSE:DABUR-EQ,INE016A01026,DABUR INDIA LTD
NSE:DAICHI,NSE,DAICHI,NSE:DAICHI-BE,INE928C01010,DAI-ICHI KARKARIA LTD.
NSE:DALBHARAT,NSE,DALBHARAT,NSE:DALBHARAT-EQ,INE00R701025,DALMIA BHARAT LIMITED
NSE:DALMIASUG,NSE,DALMIASUG,NSE:DALMIASUG-EQ,INE495A01022,DALMIA BHARAT SUG IN LTD
NSE:DAMCAPITAL,NSE,DAMCAPITAL,NSE:DAMCAPITAL-EQ,INE284H01025,DAM CAPITAL ADVISORS LTD
NSE:DAMODARIND,NSE,DAMODARIND,NSE:DAMODARIND-BE,INE497D01022,DAMODAR INDUSTRIES LTD
NSE:DANGEE,NSE,DANGEE,NSE:DANGEE-EQ,INE688Y01022,DANGEE DUMS LIMITED
NSE:DATAMATICS,NSE,DATAMATICS,NSE:DATAMATICS-EQ,INE365B01017,DATAMATICS GLOBAL SER LTD
NSE:DATAPATTNS,NSE,DATAPATTNS,NSE:DATAPATTNS-EQ,INE0IX101010,DATA PATTERNS INDIA LTD
NSE:DAVANGERE,NSE,DAVANGERE,NSE:DAVANGERE-EQ,INE179G01029,DAVANGERE SUGAR COMPANY L
NSE:DBCORP,NSE,DBCORP,NSE:DBCORP-EQ,INE950I01011,D.B.CORP LTD
NSE:DBEIL,NSE,DBEIL,NSE:DBEIL-EQ,INE0OPA01027,DEEPAK BUILDERS & ENG I L
NSE:DBL,NSE,DBL,NSE:DBL-EQ,INE917M01012,DILIP BUILDCON LIMITED
NSE:DBOL,NSE,DBOL,NSE:DBOL-EQ,INE0I3401014,DHAMPUR BIO ORGANICS LTD
NSE:DBREALTY,NSE,DBREALTY,NSE:DBREALTY-EQ,INE879I01012,VALOR ESTATE LIMITED
NSE:DBSTOCKBRO,NSE,DBSTOCKBRO,NSE:DBSTOCKBRO-BE,INE921B01025,DB (INT) STOCK BROKERS
NSE:DCAL,NSE,DCAL,NSE:DCAL-EQ,INE385W01011,DISHMAN CARBO AMCIS LTD
NSE:DCBBANK,NSE,DCBBANK,NSE:DCBBANK-EQ,INE503A01015,DCB BANK LIMITED
NSE:DCI,NSE,DCI,NSE:DCI-EQ,INE0A1101019,DC INFOTECH AND COMUN LTD
NSE:DCM,NSE,DCM,NSE:DCM-EQ,INE498A01018,DCM LTD
NSE:DCMFINSERV,NSE,DCMFINSERV,NSE:DCMFINSERV-EQ,INE891B01012,DCM FINANCIAL SERVICES LT
NSE:DCMNVL,NSE,DCMNVL,NSE:DCMNVL-BE,INE08KP01019,DCM NOUVELLE LIMITED
NSE:DCMSHRIRAM,NSE,DCMSHRIRAM,NSE:DCMSHRIRAM-EQ,INE499A01024,DCM SHRIRAM LIMITED
NSE:DCMSIL,NSE,DCMSIL,NSE:DCMSIL-EQ,INE0OU201013,DCM SHRIRAM INTERNATNL L
NSE:DCMSRIND,NSE,DCMSRIND,NSE:DCMSRIND-EQ,INE843D01027,DCM SHRIRAM IND LTD
NSE:DCW,NSE,DCW,NSE:DCW-EQ,INE500A01029,DCW LTD
NSE:DCXINDIA,NSE,DCXINDIA,NSE:DCXINDIA-EQ,INE0KL801015,DCX SYSTEMS LIMITED
NSE:DDEVPLSTIK,NSE,DDEVPLSTIK,NSE:DDEVPLSTIK-EQ,INE0HR601026,DDEV PLASTIKS IND LTD
NSE:DECCANCE,NSE,DECCANCE,NSE:DECCANCE-EQ,INE583C01021,DECCAN CEMENTS LIMITED
NSE:DECNGOLD,NSE,DECNGOLD,NSE:DECNGOLD-EQ,INE945F01025,DECCAN GOLD MINES LTD.
NSE:DEEDEV,NSE,DEEDEV,NSE:DEEDEV-EQ,INE841L01016,DEE DEVELOPMENT ENG LTD
NSE:DEEP,NSE,DEEP,NSE:DEEP-BE,INE00IY01012,DEEP POLYMERS LTD.
NSE:DEEPA,NSE,DEEPA,NSE:DEEPA-EQ,INE1M2N01020,DEEPA JEWELLERS LIMITED
NSE:DEEPAKFERT,NSE,DEEPAKFERT,NSE:DEEPAKFERT-EQ,INE501A01019,DEEPAK FERTILIZERS & PETR
NSE:DEEPAKNTR,NSE,DEEPAKNTR,NSE:DEEPAKNTR-EQ,INE288B01029,DEEPAK NITRITE LTD
NSE:DEEPINDS,NSE,DEEPINDS,NSE:DEEPINDS-EQ,INE0FHS01024,DEEP INDUSTRIES LIMITED
NSE:DELHIVERY,NSE,DELHIVERY,NSE:DELHIVERY-EQ,INE148O01028,DELHIVERY LIMITED
NSE:DELPHIFX,NSE,DELPHIFX,NSE:DELPHIFX-BE,INE726L01027,DELPHI WORLD MONEY LTD
NSE:DELTACORP,NSE,DELTACORP,NSE:DELTACORP-EQ,INE124G01033,DELTA CORP LIMITED
NSE:DELTAMAGNT,NSE,DELTAMAGNT,NSE:DELTAMAGNT-EQ,INE393A01011,DELTA MANUFACTURING LTD
NSE:DEN,NSE,DEN,NSE:DEN-EQ,INE947J01015,DEN NETWORKS LTD
NSE:DENORA,NSE,DENORA,NSE:DENORA-EQ,INE244A01016,DE NORA INDIA LIMITED
NSE:DENTA,NSE,DENTA,NSE:DENTA-EQ,INE0R4L01018,DENTA WATER N INFRA SOL L
NSE:DEVIT,NSE,DEVIT,NSE:DEVIT-EQ,INE060X01034,DEV INFO TECHNOLOGY LTD
NSE:DEVX,NSE,DEVX,NSE:DEVX-EQ,INE0VOV01021,DEV ACCELERATOR LIMITED
NSE:DEVYANI,NSE,DEVYANI,NSE:DEVYANI-EQ,INE872J01023,DEVYANI INTERNATIONAL LTD
NSE:DGCONTENT,NSE,DGCONTENT,NSE:DGCONTENT-EQ,INE03JI01017,DIGICONTENT LIMITED
NSE:DHABRIYA,NSE,DHABRIYA,NSE:DHABRIYA-BE,INE260R01016,DHABRIYA POLYWOOD LTD.
NSE:DHAMPURSUG,NSE,DHAMPURSUG,NSE:DHAMPURSUG-EQ,INE041A01016,DHAMPUR SUGAR MILLS LTD.
NSE:DHANBANK,NSE,DHANBANK,NSE:DHANBANK-EQ,INE680A01011,DHANLAXMI BANK LIMITED
NSE:DHANUKA,NSE,DHANUKA,NSE:DHANUKA-EQ,INE435G01025,DHANUKA AGRITECH LTD
NSE:DHARMAJ,NSE,DHARMAJ,NSE:DHARMAJ-EQ,INE00OQ01016,DHARMAJ CROP GUARD LTD
NSE:DHATRE,NSE,DHATRE,NSE:DHATRE-EQ,INE715T01031,DHATRE UDYOG LTD.
NSE:DHOOTTRANS,NSE,DHOOTTRANS,NSE:DHOOTTRANS-EQ,INE01NH01023,DHOOT TRANSMISSION LTD
NSE:DHRUV,NSE,DHRUV,NSE:DHRUV-EQ,INE506Z01015,DHRUV CONSULTANCY SER LTD
NSE:DHUNINV,NSE,DHUNINV,NSE:DHUNINV-EQ,INE320L01011,DHUNSERI INVESTMENTS LTD
NSE:DIACABS,NSE,DIACABS,NSE:DIACABS-BE,INE989C01038,DIAMOND POWER INFRA LTD
NSE:DIAMINESQ,NSE,DIAMINESQ,NSE:DIAMINESQ-EQ,INE591D01014,DIAMINES & CHEMICALS LTD
NSE:DIAMONDYD,NSE,DIAMONDYD,NSE:DIAMONDYD-EQ,INE393P01035,PRATAAP SNACKS LIMITED
NSE:DICIND,NSE,DICIND,NSE:DICIND-EQ,INE303A01010,DIC INDIA LIMITED
NSE:DIFFNKG,NSE,DIFFNKG,NSE:DIFFNKG-EQ,INE184O01015,DIFFUSION ENGINEERS LTD
NSE:DIGIDRIVE,NSE,DIGIDRIVE,NSE:DIGIDRIVE-EQ,INE0PSC01024,DIGIDRIVE DISTRIBUTORS L
NSE:DIGISPICE,NSE,DIGISPICE,NSE:DIGISPICE-EQ,INE927C01020,DIGISPICE TECHNOLOGIES LT
NSE:DIGITIDE,NSE,DIGITIDE,NSE:DIGITIDE-EQ,INE0U4701011,DIGITIDE SOLUTIONS LTD
NSE:DIGJAMLMTD,NSE,DIGJAMLMTD,NSE:DIGJAMLMTD-BE,INE731U01028,DIGJAM LTD
NSE:DISAQ,NSE,DISAQ,NSE:DISAQ-EQ,INE131C01011,DISA INDIA LTD.
NSE:DISHTV,NSE,DISHTV,NSE:DISHTV-EQ,INE836F01026,DISH TV INDIA LTD.
NSE:DIVGIITTS,NSE,DIVGIITTS,NSE:DIVGIITTS-EQ,INE753U01022,DIVGI TORQTRANSFER SYST L
NSE:DIVISLAB,NSE,DIVISLAB,NSE:DIVISLAB-EQ,INE361B01024,DIVI S LABORATORIES LTD
NSE:DIXON,NSE,DIXON,NSE:DIXON-EQ,INE935N01020,DIXON TECHNO (INDIA) LTD
NSE:DJML,NSE,DJML,NSE:DJML-EQ,INE0B1K01014,DJ MEDIAPRINT & LOG LTD
NSE:DLF,NSE,DLF,NSE:DLF-EQ,INE271C01023,DLF LIMITED
NSE:DLINKINDIA,NSE,DLINKINDIA,NSE:DLINKINDIA-EQ,INE250K01012,D-LINK INDIA LTD
NSE:DMART,NSE,DMART,NSE:DMART-EQ,INE192R01011,AVENUE SUPERMARTS LIMITED
NSE:DMCC,NSE,DMCC,NSE:DMCC-EQ,INE505A01010,DMCC SPECIALITY CHEMICALS
NSE:DNAMEDIA,NSE,DNAMEDIA,NSE:DNAMEDIA-EQ,INE016M01021,DILIGENT MEDIA CORP LTD.
NSE:DODLA,NSE,DODLA,NSE:DODLA-EQ,INE021O01019,DODLA DAIRY LIMITED
NSE:DOLATALGO,NSE,DOLATALGO,NSE:DOLATALGO-EQ,INE966A01022,DOLAT ALGOTECH LIMITED
NSE:DOLLAR,NSE,DOLLAR,NSE:DOLLAR-EQ,INE325C01035,DOLLAR INDUSTRIES LIMITED
NSE:DOLLEX,NSE,DOLLEX,NSE:DOLLEX-EQ,INE0JHH01011,DOLLEX AGROTECH LIMITED
NSE:DOLPHIN,NSE,DOLPHIN,NSE:DOLPHIN-EQ,INE920A01037,DOLPHIN OFF ENT (IND) L
NSE:DOMS,NSE,DOMS,NSE:DOMS-EQ,INE321T01012,DOMS INDUSTRIES LIMITED
NSE:DONEAR,NSE,DONEAR,NSE:DONEAR-EQ,INE668D01028,DONEAR IND. LIMITED
NSE:DPABHUSHAN,NSE,DPABHUSHAN,NSE:DPABHUSHAN-EQ,INE266Y01019,D. P. ABHUSHAN LIMITED
NSE:DPSCLTD,NSE,DPSCLTD,NSE:DPSCLTD-BE,INE360C01024,DPSC LIMITED
NSE:DPWIRES,NSE,DPWIRES,NSE:DPWIRES-EQ,INE864X01013,D P WIRES LIMITED
NSE:DRAGARWQ,NSE,DRAGARWQ,NSE:DRAGARWQ-EQ,INE934C01018,DR. AGARWAL'S EYE HOSP L
NSE:DRCSYSTEMS,NSE,DRCSYSTEMS,NSE:DRCSYSTEMS-EQ,INE03RS01027,DRC SYSTEMS INDIA LIMITED
NSE:DREAMFOLKS,NSE,DREAMFOLKS,NSE:DREAMFOLKS-EQ,INE0JS101016,DREAMFOLKS SERVICES LTD
NSE:DREDGECORP,NSE,DREDGECORP,NSE:DREDGECORP-EQ,INE506A01018,DREDGING CORP OF INDIA
NSE:DRREDDY,NSE,DRREDDY,NSE:DRREDDY-EQ,INE089A01031,DR. REDDY S LABORATORIES
NSE:DSFCL,NSE,DSFCL,NSE:DSFCL-BE,INE0OFM01015,DCM SHRIRAM FINE CHEM LTD
NSE:DSKULKARNI,NSE,DSKULKARNI,NSE:DSKULKARNI-BE,INE891A01022,DS KULKARNI DEVELOPERS L
NSE:DSSL,NSE,DSSL,NSE:DSSL-EQ,INE417B01040,DYNACONS SYS & SOLN LTD
NSE:DTIL,NSE,DTIL,NSE:DTIL-BE,INE341R01014,DHUNSERI TEA & IND. LTD.
NSE:DUCON,NSE,DUCON,NSE:DUCON-EQ,INE741L01018,DUCON INFRATECHNOLOGIES L
NSE:DVL,NSE,DVL,NSE:DVL-EQ,INE477B01010,DHUNSERI VENTURES LIMITED
NSE:DWARKESH,NSE,DWARKESH,NSE:DWARKESH-EQ,INE366A01041,DWARIKESH SUGAR IND LTD
NSE:DYCL,NSE,DYCL,NSE:DYCL-EQ,INE600Y01019,DYNAMIC CABLES LIMITED
NSE:DYNAMATECH,NSE,DYNAMATECH,NSE:DYNAMATECH-EQ,INE221B01012,DYNAMATIC TECHNOLOGIES
NSE:DYNPRO,NSE,DYNPRO,NSE:DYNPRO-EQ,INE256H01015,DYNEMIC PRODUCTS LIMITED
NSE:E2E,NSE,E2E,NSE:E2E-BE,INE255Z01027,E2E NETWORKS LIMITED
NSE:EASEMYTRIP,NSE,EASEMYTRIP,NSE:EASEMYTRIP-EQ,INE07O001026,EASY TRIP PLANNERS LTD
NSE:EASTSILK,NSE,EASTSILK,NSE:EASTSILK-BE,INE962C01035,EASTERN SILK INDUSTRIES L
NSE:EASTWEST,NSE,EASTWEST,NSE:EASTWEST-EQ,INE595R01023,EAST WEST FREIGHT CARRI L
NSE:EBGNG,NSE,EBGNG,NSE:EBGNG-EQ,INE18JU01028,GNG ELECTRONICS LIMITED
NSE:EBIX,NSE,EBIX,NSE:EBIX-BE,INE432F01032,EBIX LIMITED
NSE:ECLERX,NSE,ECLERX,NSE:ECLERX-EQ,INE738I01010,ECLERX SERVICES LTD
NSE:ECORECO,NSE,ECORECO,NSE:ECORECO-EQ,INE316A01038,ECO RECYCLING LTD.
NSE:ECOSMOBLTY,NSE,ECOSMOBLTY,NSE:ECOSMOBLTY-EQ,INE06HJ01020,ECOS (INDIA) MOB & HOSP L
NSE:EDELWEISS,NSE,EDELWEISS,NSE:EDELWEISS-EQ,INE532F01054,EDELWEISS FIN SERV LTD
NSE:EFCIL,NSE,EFCIL,NSE:EFCIL-EQ,INE886D01026,EFC (I) LIMITED
NSE:EICHERMOT,NSE,EICHERMOT,NSE:EICHERMOT-EQ,INE066A01021,EICHER MOTORS LTD
NSE:EIDPARRY,NSE,EIDPARRY,NSE:EIDPARRY-EQ,INE126A01031,EID PARRY INDIA LTD
NSE:EIEL,NSE,EIEL,NSE:EIEL-EQ,INE0LLY01014,ENVIRO INFRA ENGINEERS L
NSE:EIFFL,NSE,EIFFL,NSE:EIFFL-BE,INE546V01010,EURO (I) FRESH FOODS LTD
NSE:EIHAHOTELS,NSE,EIHAHOTELS,NSE:EIHAHOTELS-EQ,INE276C01014,EIH ASSOCIATED HOTELS LTD
NSE:EIHOTEL,NSE,EIHOTEL,NSE:EIHOTEL-EQ,INE230A01023,EIH LIMITED
NSE:EIMCOELECO,NSE,EIMCOELECO,NSE:EIMCOELECO-EQ,INE158B01016,EIMCO ELECON (INDIA) LTD
NSE:EKC,NSE,EKC,NSE:EKC-EQ,INE184H01027,EVEREST KANTO CYLINDERLTD
NSE:EKI,NSE,EKI,NSE:EKI-BE,INE0CPR01018,EKI ENERGY SERVICES LTD
NSE:ELANTAS,NSE,ELANTAS,NSE:ELANTAS-EQ,INE280B01018,ELANTAS BECK INDIA LTD.
NSE:ELCIDIN,NSE,ELCIDIN,NSE:ELCIDIN-EQ,INE927X01018,ELCID INVESTMENTS LTD.
NSE:ELDEHSG,NSE,ELDEHSG,NSE:ELDEHSG-EQ,INE668G01021,ELDECO HSG & IND LTD.
NSE:ELECON,NSE,ELECON,NSE:ELECON-EQ,INE205B01031,ELECON ENG. CO. LTD
NSE:ELECTCAST,NSE,ELECTCAST,NSE:ELECTCAST-EQ,INE086A01029,ELECTROSTEEL CASTINGS LTD
NSE:ELECTHERM,NSE,ELECTHERM,NSE:ELECTHERM-EQ,INE822G01016,ELECTROTHERM (I) LTD.
NSE:ELEVATE,NSE,ELEVATE,NSE:ELEVATE-EQ,INE147X01013,ELEVATE CAMPUSES LIMITED
NSE:ELGIEQUIP,NSE,ELGIEQUIP,NSE:ELGIEQUIP-EQ,INE285A01027,ELGI EQUIPMENTS LTD
NSE:ELGIRUBCO,NSE,ELGIRUBCO,NSE:ELGIRUBCO-EQ,INE819L01012,ELGI RUBBER CO. LTD
NSE:ELIN,NSE,ELIN,NSE:ELIN-EQ,INE050401020,ELIN ELECTRONICS LIMITED
NSE:ELITECON,NSE,ELITECON,NSE:ELITECON-EQ,INE669R01026,ELITECON INTERNATIONAL L
NSE:ELLEN,NSE,ELLEN,NSE:ELLEN-EQ,INE236E01022,ELLENBARRIE INDUS GASES L
NSE:ELPROINTL,NSE,ELPROINTL,NSE:ELPROINTL-EQ,INE579B01039,ELPRO INTERNATIONAL LTD
NSE:EMAMILTD,NSE,EMAMILTD,NSE:EMAMILTD-EQ,INE548C01032,EMAMI LIMITED
NSE:EMAMIPAP,NSE,EMAMIPAP,NSE:EMAMIPAP-BE,INE830C01026,EMAMI PAPER MILLS LIMITED
NSE:EMAMIREAL,NSE,EMAMIREAL,NSE:EMAMIREAL-EQ,INE778K01012,EMAMI REALTY LIMITED
NSE:EMBDL,NSE,EMBDL,NSE:EMBDL-EQ,INE069I01010,EMBASSY DEVELOPMENTS LTD
NSE:EMCURE,NSE,EMCURE,NSE:EMCURE-EQ,INE168P01015,EMCURE PHARMACEUTICALS L
NSE:EMIL,NSE,EMIL,NSE:EMIL-EQ,INE02YR01019,ELECTRONICS MART IND LTD
NSE:EMKAY,NSE,EMKAY,NSE:EMKAY-EQ,INE296H01011,EMKAY GLOBAL FIN SERV LTD
NSE:EMMBI,NSE,EMMBI,NSE:EMMBI-EQ,INE753K01015,EMMBI INDUSTRIES LIMITED
NSE:EMMVEE,NSE,EMMVEE,NSE:EMMVEE-EQ,INE1C6T01020,EMMVEE PHOTOVOLTAIC PWR L
NSE:EMPIND,NSE,EMPIND,NSE:EMPIND-EQ,INE515H01014,EMPIRE INDUSTRIES LTD.
NSE:EMPOWER,NSE,EMPOWER,NSE:EMPOWER-EQ,INE507F01023,EMPOWER INDIA LTD.
NSE:EMSLIMITED,NSE,EMSLIMITED,NSE:EMSLIMITED-EQ,INE0OV601013,EMS LIMITED
NSE:EMUDHRA,NSE,EMUDHRA,NSE:EMUDHRA-EQ,INE01QM01018,EMUDHRA LIMITED
NSE:ENDURANCE,NSE,ENDURANCE,NSE:ENDURANCE-EQ,INE913H01037,ENDURANCE TECHNO. LTD.
NSE:ENERGYDEV,NSE,ENERGYDEV,NSE:ENERGYDEV-EQ,INE306C01019,ENERGY DEVE. CO.LTD
NSE:ENGINERSIN,NSE,ENGINERSIN,NSE:ENGINERSIN-EQ,INE510A01028,ENGINEERS INDIA LTD
NSE:ENIL,NSE,ENIL,NSE:ENIL-EQ,INE265F01028,ENTERTAIN NET. IND. LTD.
NSE:ENKEIWHEL,NSE,ENKEIWHEL,NSE:ENKEIWHEL-EQ,INE130L01014,ENKEI WHEELS (INDIA) LTD.
NSE:ENRIN,NSE,ENRIN,NSE:ENRIN-EQ,INE1NPP01017,SIEMENS ENERGY INDIA LTD
NSE:ENTERO,NSE,ENTERO,NSE:ENTERO-EQ,INE010601016,ENTERO HEALTHCARE SOLU L
NSE:EPACK,NSE,EPACK,NSE:EPACK-EQ,INE0G5901015,EPACK DURABLE LIMITED
NSE:EPACKPEB,NSE,EPACKPEB,NSE:EPACKPEB-EQ,INE0MLS01022,EPACK PREFAB TECHN LTD
NSE:EPIGRAL,NSE,EPIGRAL,NSE:EPIGRAL-EQ,INE071N01016,EPIGRAL LIMITED
NSE:EPL,NSE,EPL,NSE:EPL-EQ,INE255A01020,EPL LIMITED
NSE:EQUIPPP,NSE,EQUIPPP,NSE:EQUIPPP-BE,INE217G01035,EQUIPPP SOC IMP TECH LTD
NSE:EQUITASBNK,NSE,EQUITASBNK,NSE:EQUITASBNK-EQ,INE063P01018,EQUITAS SMALL FIN BNK LTD
NSE:ERIS,NSE,ERIS,NSE:ERIS-EQ,INE406M01024,ERIS LIFESCIENCES LIMITED
NSE:ESABINDIA,NSE,ESABINDIA,NSE:ESABINDIA-EQ,INE284A01012,ESAB INDIA LTD
NSE:ESAFSFB,NSE,ESAFSFB,NSE:ESAFSFB-BE,INE818W01011,ESAF SMALL FINANCE BANK L
NSE:ESCORTS,NSE,ESCORTS,NSE:ESCORTS-EQ,INE042A01014,ESCORTS KUBOTA LIMITED
NSE:ESDS,NSE,ESDS,NSE:ESDS-EQ,INE0DRI01029,ESDS SOFTWARE SOLUTION L
NSE:ESSARSHPNG,NSE,ESSARSHPNG,NSE:ESSARSHPNG-EQ,INE122M01019,ESSAR SHIPPING LTD
NSE:ESSENTIA,NSE,ESSENTIA,NSE:ESSENTIA-EQ,INE418N01035,INTEGRA ESSENTIA LIMITED
NSE:ESTER,NSE,ESTER,NSE:ESTER-EQ,INE778B01029,ESTER INDUSTRIES LTD
NSE:ETERNAL,NSE,ETERNAL,NSE:ETERNAL-EQ,INE758T01015,ETERNAL LIMITED
NSE:ETHOSLTD,NSE,ETHOSLTD,NSE:ETHOSLTD-EQ,INE04TZ01018,ETHOS LIMITED
NSE:EUREKAFORB,NSE,EUREKAFORB,NSE:EUREKAFORB-EQ,INE0KCE01017,EUREKA FORBES LIMITED
NSE:EUROBOND,NSE,EUROBOND,NSE:EUROBOND-EQ,INE505V01016,EURO PANEL PRODUCTS LTD
NSE:EUROPRATIK,NSE,EUROPRATIK,NSE:EUROPRATIK-EQ,INE198501012,EURO PRATIK SALES LIMITED
NSE:EUROTEXIND,NSE,EUROTEXIND,NSE:EUROTEXIND-EQ,INE022C01012,EUROTEX INDUSTRIES LTD
NSE:EVEREADY,NSE,EVEREADY,NSE:EVEREADY-EQ,INE128A01029,EVEREADY INDS. IND.  LTD.
NSE:EVERESTIND,NSE,EVERESTIND,NSE:EVERESTIND-EQ,INE295A01018,EVEREST INDUSTRIES LTD
NSE:EXCELINDUS,NSE,EXCELINDUS,NSE:EXCELINDUS-EQ,INE369A01029,EXCEL INDUSTRIES LTD
NSE:EXCELSOFT,NSE,EXCELSOFT,NSE:EXCELSOFT-EQ,INE606N01019,EXCELSOFT TECHNOLOGIES L
NSE:EXICOM,NSE,EXICOM,NSE:EXICOM-EQ,INE777F01014,EXICOM TELE SYSTEMS LTD
NSE:EXIDEIND,NSE,EXIDEIND,NSE:EXIDEIND-EQ,INE302A01020,EXIDE INDUSTRIES LTD
NSE:EXPLEOSOL,NSE,EXPLEOSOL,NSE:EXPLEOSOL-EQ,INE201K01015,EXPLEO SOLUTIONS LIMITED
NSE:EXXARO,NSE,EXXARO,NSE:EXXARO-EQ,INE0GFE01026,EXXARO TILES LIMITED
NSE:FABTECH,NSE,FABTECH,NSE:FABTECH-EQ,INE0HF201011,FABTECH TECHNOLOGIES LTD
NSE:FACT,NSE,FACT,NSE:FACT-EQ,INE188A01015,FACT LTD
NSE:FAIRCHEMOR,NSE,FAIRCHEMOR,NSE:FAIRCHEMOR-EQ,INE0DNW01011,FAIRCHEM ORGANICS LIMITED
NSE:FAZE3Q,NSE,FAZE3Q,NSE:FAZE3Q-EQ,INE963C01033,FAZE THREE LIMITED
NSE:FCL,NSE,FCL,NSE:FCL-EQ,INE045J01034,FINEOTEX CHEMICAL LIMITED
NSE:FCSSOFT,NSE,FCSSOFT,NSE:FCSSOFT-EQ,INE512B01022,FCS SOFTWARE SOLN. LTD.
NSE:FDC,NSE,FDC,NSE:FDC-EQ,INE258B01022,FDC LIMITED
NSE:FEDDERSHOL,NSE,FEDDERSHOL,NSE:FEDDERSHOL-EQ,INE417D01020,FEDDERS HOLDING LTD.
NSE:FEDERALBNK,NSE,FEDERALBNK,NSE:FEDERALBNK-EQ,INE171A01029,FEDERAL BANK LTD
NSE:FEDFINA,NSE,FEDFINA,NSE:FEDFINA-EQ,INE007N01010,FEDBANK FINANCIAL SER L
NSE:FERMENTA,NSE,FERMENTA,NSE:FERMENTA-EQ,INE225B01021,FERMENTA BIOTECH LTD.
NSE:FIBERWEB,NSE,FIBERWEB,NSE:FIBERWEB-EQ,INE296C01020,FIBERWEB INDIA LIMITED
NSE:FIEMIND,NSE,FIEMIND,NSE:FIEMIND-EQ,INE737H01014,FIEM INDUSTRIES LIMITED
NSE:FILATEX,NSE,FILATEX,NSE:FILATEX-EQ,INE816B01035,FILATEX INDIA LTD
NSE:FILATFASH,NSE,FILATFASH,NSE:FILATFASH-EQ,INE185E01021,FILATEX FASHIONS LIMITED
NSE:FINCABLES,NSE,FINCABLES,NSE:FINCABLES-EQ,INE235A01022,FINOLEX CABLES LTD
NSE:FINEORG,NSE,FINEORG,NSE:FINEORG-EQ,INE686Y01026,FINE ORGANIC IND. LTD.
NSE:FINKURVE,NSE,FINKURVE,NSE:FINKURVE-EQ,INE734I01027,FINKURVE FINANCIAL SERV L
NSE:FINOPB,NSE,FINOPB,NSE:FINOPB-EQ,INE02NC01014,FINO PAYMENTS BANK LTD
NSE:FINPIPE,NSE,FINPIPE,NSE:FINPIPE-EQ,INE183A01024,FINOLEX INDUSTRIES LTD
NSE:FIRSTCRY,NSE,FIRSTCRY,NSE:FIRSTCRY-EQ,INE02RE01045,BRAINBEES SOLUTIONS LTD
NSE:FISCHER,NSE,FISCHER,NSE:FISCHER-EQ,INE771F01041,FISCHER MEDICAL VENTURE L
NSE:FIVESTAR,NSE,FIVESTAR,NSE:FIVESTAR-EQ,INE128S01021,FIVE-STAR BUS FIN LTD
NSE:FLAIR,NSE,FLAIR,NSE:FLAIR-EQ,INE00Y201027,FLAIR WRITING INDUST LTD
NSE:FLEXITUFF,NSE,FLEXITUFF,NSE:FLEXITUFF-BE,INE060J01017,FLEXITUFF VENTURES INT L
NSE:FLUOROCHEM,NSE,FLUOROCHEM,NSE:FLUOROCHEM-EQ,INE09N301011,GUJARAT FLUOROCHEM LTD
NSE:FMGOETZE,NSE,FMGOETZE,NSE:FMGOETZE-EQ,INE529A01010,FEDERAL-MOGUL GOETZE (IND
NSE:FMNL,NSE,FMNL,NSE:FMNL-EQ,INE360L01017,FUTURE MKT NETWORKS LTD
NSE:FOCUS,NSE,FOCUS,NSE:FOCUS-EQ,INE593W01028,FOCUS LIGHTG & FIXTRS LTD
NSE:FOODSIN,NSE,FOODSIN,NSE:FOODSIN-EQ,INE976E01023,FOODS & INNS LIMITED
NSE:FORCEMOT,NSE,FORCEMOT,NSE:FORCEMOT-EQ,INE451A01017,FORCE MOTORS LIMITED
NSE:FORTIS,NSE,FORTIS,NSE:FORTIS-EQ,INE061F01013,FORTIS HEALTHCARE LTD
NSE:FOSECOIND,NSE,FOSECOIND,NSE:FOSECOIND-EQ,INE519A01011,FOSECO INDIA LTD
NSE:FRACTAL,NSE,FRACTAL,NSE:FRACTAL-EQ,INE212S01015,FRACTAL ANALYTICS LIMITED
NSE:FREDUN,NSE,FREDUN,NSE:FREDUN-EQ,INE194R01017,FREDUN PHARMACEUTICALS L
NSE:FRONTSP,NSE,FRONTSP,NSE:FRONTSP-EQ,INE572D01014,FRONTIER SPRINGS LTD.
NSE:FSL,NSE,FSL,NSE:FSL-EQ,INE684F01012,FIRSTSOURCE SOLU. LTD.
NSE:FUSION,NSE,FUSION,NSE:FUSION-EQ,INE139R01012,FUSION FINANCE LIMITED
NSE:GABRIEL,NSE,GABRIEL,NSE:GABRIEL-EQ,INE524A01029,GABRIEL INDIA LTD
NSE:GAEL,NSE,GAEL,NSE:GAEL-EQ,INE036B01030,GUJARAT AMBUJA EXPORTS LT
NSE:GAIL,NSE,GAIL,NSE:GAIL-EQ,INE129A01019,GAIL (INDIA) LTD
NSE:GAJA,NSE,GAJA,NSE:GAJA-EQ,INE18UN01038,GAJA ALT ASSET MGT LTD
NSE:GALAPREC,NSE,GALAPREC,NSE:GALAPREC-EQ,INE0RE001014,GALA PRECISION ENG LTD
NSE:GALAXYSURF,NSE,GALAXYSURF,NSE:GALAXYSURF-EQ,INE600K01018,GALAXY SURFACTANTS LTD
NSE:GALLANTT,NSE,GALLANTT,NSE:GALLANTT-EQ,INE297H01019,GALLANTT ISPAT LIMITED
NSE:GANDHAR,NSE,GANDHAR,NSE:GANDHAR-EQ,INE717W01049,GANDHAR OIL REFINE IND L
NSE:GANDHITUBE,NSE,GANDHITUBE,NSE:GANDHITUBE-EQ,INE524B01027,GANDHI SPL. TUBES LTD
NSE:GANECOS,NSE,GANECOS,NSE:GANECOS-EQ,INE845D01014,GANESHA ECOSPHERE LIMITED
NSE:GANESHBE,NSE,GANESHBE,NSE:GANESHBE-BE,INE388A01029,GANESH BENZOPLAST LIMITED
NSE:GANESHCP,NSE,GANESHCP,NSE:GANESHCP-EQ,INE652V01016,GANESH CONSUMER PRODUCT L
NSE:GANESHHOU,NSE,GANESHHOU,NSE:GANESHHOU-EQ,INE460C01014,GANESH HOUSING LIMITED
NSE:GANGAFORGE,NSE,GANGAFORGE,NSE:GANGAFORGE-EQ,INE691Z01023,GANGA FORGING LIMITED
NSE:GANGESSECU,NSE,GANGESSECU,NSE:GANGESSECU-EQ,INE335W01016,GANGES SECURITIES LIMITED
NSE:GARFIBRES,NSE,GARFIBRES,NSE:GARFIBRES-EQ,INE276A01018,GARWARE TECH FIBRES LTD
NSE:GARUDA,NSE,GARUDA,NSE:GARUDA-EQ,INE0JVO01026,GARUDA CONSTRUCT N ENG L
NSE:GATECH,NSE,GATECH,NSE:GATECH-BE,INE224E01028,GACM TECHNOLOGIES LIMITED
NSE:GATECHDVR,NSE,GATECHDVR,NSE:GATECHDVR-BE,INE224E01036,GACM TECHNOLOGIES LIMITED
NSE:GATEWAY,NSE,GATEWAY,NSE:GATEWAY-EQ,INE079J01017,GATEWAY DISTRIPARKS LTD
NSE:GAUDIUMIVF,NSE,GAUDIUMIVF,NSE:GAUDIUMIVF-EQ,INE0P8B01020,GAUDIUM IVF N WOMEN H L
NSE:GAYAHWS,NSE,GAYAHWS,NSE:GAYAHWS-EQ,INE287Z01012,GAYATRI HIGHWAYS LIMITED
NSE:GAYAPROJ,NSE,GAYAPROJ,NSE:GAYAPROJ-EQ,INE336H01023,GAYATRI PROJECTS LTD
NSE:GCSL,NSE,GCSL,NSE:GCSL-EQ,INE199P01028,GRETEX CORPORATE SERVICES
NSE:GEECEE,NSE,GEECEE,NSE:GEECEE-EQ,INE916G01016,GEECEE VENTURES LIMITED
NSE:GEEKAYWIRE,NSE,GEEKAYWIRE,NSE:GEEKAYWIRE-EQ,INE669X01032,GEEKAY WIRES LIMITED
NSE:GEMAROMA,NSE,GEMAROMA,NSE:GEMAROMA-EQ,INE06XZ01023,GEM AROMATICS LIMITED
NSE:GENCON,NSE,GENCON,NSE:GENCON-EQ,INE854S01022,GENERIC ENG CONS PROJ LTD
NSE:GENESYS,NSE,GENESYS,NSE:GENESYS-EQ,INE727B01026,GENESYS INTL CORPN LTD
NSE:GENUSPAPER,NSE,GENUSPAPER,NSE:GENUSPAPER-EQ,INE949P01018,GENUS P&B LIMITED
NSE:GENUSPOWER,NSE,GENUSPOWER,NSE:GENUSPOWER-EQ,INE955D01029,GENUS POWER INFRASTRU LTD
NSE:GEOJITFSL,NSE,GEOJITFSL,NSE:GEOJITFSL-EQ,INE007B01023,GEOJIT FINANCIAL SER L
NSE:GERMAN,NSE,GERMAN,NSE:GERMAN-EQ,INE0D4501011,GERMAN GREEN STEEL N PW L
NSE:GESHIP,NSE,GESHIP,NSE:GESHIP-EQ,INE017A01032,THE GE SHPG.LTD
NSE:GFLLIMITED,NSE,GFLLIMITED,NSE:GFLLIMITED-EQ,INE538A01037,GFL LIMITED
NSE:GFSTEELS,NSE,GFSTEELS,NSE:GFSTEELS-BE,INE534A01028,GRAND FOUNDRY LTD
NSE:GHCL,NSE,GHCL,NSE:GHCL-EQ,INE539A01019,GHCL LIMITED
NSE:GHCLTEXTIL,NSE,GHCLTEXTIL,NSE:GHCLTEXTIL-EQ,INE0PA801013,GHCL TEXTILES LIMITED
NSE:GICHSGFIN,NSE,GICHSGFIN,NSE:GICHSGFIN-EQ,INE289B01019,GIC HOUSING FINANCE LTD
NSE:GICL,NSE,GICL,NSE:GICL-BE,INE947T01022,GLOBE INTL CARRIERS LTD
NSE:GICRE,NSE,GICRE,NSE:GICRE-EQ,INE481Y01014,GENERAL INS CORP OF INDIA
NSE:GILLANDERS,NSE,GILLANDERS,NSE:GILLANDERS-EQ,INE047B01011,GILLANDERS ARBUTHNOT LTD
NSE:GILLETTE,NSE,GILLETTE,NSE:GILLETTE-EQ,INE322A01010,GILLETTE INDIA LTD
NSE:GINNIFILA,NSE,GINNIFILA,NSE:GINNIFILA-BE,INE424C01010,GINNIFILAMENTS LTD.
NSE:GIPCL,NSE,GIPCL,NSE:GIPCL-EQ,INE162A01010,GUJ IND POW CO. LTD
NSE:GKB,NSE,GKB,NSE:GKB-EQ,INE265D01015,GKB OPHTHALMICS LTD.
NSE:GKENERGY,NSE,GKENERGY,NSE:GKENERGY-EQ,INE1AG301022,GK ENERGY LIMITED
NSE:GKSL,NSE,GKSL,NSE:GKSL-EQ,INE0V0W01025,GUJARAT KIDNEY N SUP SP L
NSE:GKWLIMITED,NSE,GKWLIMITED,NSE:GKWLIMITED-EQ,INE528A01020,GKW LIMITED
NSE:GLAND,NSE,GLAND,NSE:GLAND-EQ,INE068V01023,GLAND PHARMA LIMITED
NSE:GLASSWALL,NSE,GLASSWALL,NSE:GLASSWALL-EQ,INE644Q01039,GLASS WALL SYSTEM (I) LTD
NSE:GLAXO,NSE,GLAXO,NSE:GLAXO-EQ,INE159A01016,GLAXOSMITHKLINE PHARMA LT
NSE:GLENMARK,NSE,GLENMARK,NSE:GLENMARK-EQ,INE935A01035,GLENMARK PHARMACEUTICALS
NSE:GLFL,NSE,GLFL,NSE:GLFL-EQ,INE540A01017,GUJARAT LEASE FINANCING L
NSE:GLOBAL,NSE,GLOBAL,NSE:GLOBAL-EQ,INE291W01037,GLOBAL EDUCATION LIMITED
NSE:GLOBALE,NSE,GLOBALE,NSE:GLOBALE-EQ,INE0URU01010,GLOBALE TESSILE LIMITED
NSE:GLOBALVECT,NSE,GLOBALVECT,NSE:GLOBALVECT-EQ,INE792H01019,GLOBAL VEC HELICORP LTD
NSE:GLOBE,NSE,GLOBE,NSE:GLOBE-EQ,INE581X01021,GLOBE ENTERPRISE (I) LTD
NSE:GLOBECIVIL,NSE,GLOBECIVIL,NSE:GLOBECIVIL-EQ,INE0V3U01015,GLOBE CIVIL PROJECTS LTD
NSE:GLOBUSSPR,NSE,GLOBUSSPR,NSE:GLOBUSSPR-EQ,INE615I01010,GLOBUS SPIRITS LTD
NSE:GLOSTERLTD,NSE,GLOSTERLTD,NSE:GLOSTERLTD-EQ,INE350Z01018,GLOSTER LIMITED
NSE:GLOTTIS,NSE,GLOTTIS,NSE:GLOTTIS-EQ,INE0TQE01026,GLOTTIS LIMITED
NSE:GMBREW,NSE,GMBREW,NSE:GMBREW-EQ,INE075D01018,G M BREWERIES LTD
NSE:GMDCLTD,NSE,GMDCLTD,NSE:GMDCLTD-EQ,INE131A01031,GUJARAT MINERAL DEV CORP
NSE:GMMPFAUDLR,NSE,GMMPFAUDLR,NSE:GMMPFAUDLR-EQ,INE541A01023,GMM PFAUDLER LIMITED
NSE:GMRAIRPORT,NSE,GMRAIRPORT,NSE:GMRAIRPORT-EQ,INE776C01039,GMR AIRPORTS LIMITED
NSE:GMRP&UI,NSE,GMRP&UI,NSE:GMRP&UI-EQ,INE0CU601026,GMR POW AND URBAN INFRA L
NSE:GNA,NSE,GNA,NSE:GNA-EQ,INE934S01014,GNA AXLES LIMITED
NSE:GNFC,NSE,GNFC,NSE:GNFC-EQ,INE113A01013,GUJ NAR VAL FER & CHEM L
NSE:GNRL,NSE,GNRL,NSE:GNRL-EQ,INE207H01018,GUJARAT NATURAL RES L
NSE:GOACARBON,NSE,GOACARBON,NSE:GOACARBON-EQ,INE426D01013,GOA CARBON LIMITED
NSE:GOCLCORP,NSE,GOCLCORP,NSE:GOCLCORP-EQ,INE077F01035,GOCL CORPORATION LIMITED
NSE:GOCOLORS,NSE,GOCOLORS,NSE:GOCOLORS-EQ,INE0BJS01011,GO FASHION INDIA LTD
NSE:GODAVARIB,NSE,GODAVARIB,NSE:GODAVARIB-EQ,INE497S01012,GODAVARI BIOREFINERIES L
NSE:GODFRYPHLP,NSE,GODFRYPHLP,NSE:GODFRYPHLP-EQ,INE260B01028,GODFREY PHILLIPS INDIA LT
NSE:GODIGIT,NSE,GODIGIT,NSE:GODIGIT-EQ,INE03JT01014,GO DIGIT GENERAL INS LTD
NSE:GODREJAGRO,NSE,GODREJAGRO,NSE:GODREJAGRO-EQ,INE850D01014,GODREJ AGROVET LIMITED
NSE:GODREJCP,NSE,GODREJCP,NSE:GODREJCP-EQ,INE102D01028,GODREJ CONSUMER PRODUCTS
NSE:GODREJIND,NSE,GODREJIND,NSE:GODREJIND-EQ,INE233A01035,GODREJ INDUSTRIES LTD
NSE:GODREJPROP,NSE,GODREJPROP,NSE:GODREJPROP-EQ,INE484J01027,GODREJ PROPERTIES LTD
NSE:GOKEX,NSE,GOKEX,NSE:GOKEX-EQ,INE887G01027,GOKALDAS EXPORTS LTD.
NSE:GOKUL,NSE,GOKUL,NSE:GOKUL-EQ,INE020J01029,GOKUL REFOILS & SOLV LTD
NSE:GOKULAGRO,NSE,GOKULAGRO,NSE:GOKULAGRO-EQ,INE314T01033,GOKUL AGRO RESOURCES LTD
NSE:GOLDIAM,NSE,GOLDIAM,NSE:GOLDIAM-EQ,INE025B01025,GOLDIAM INTERNATIONAL LTD
NSE:GOLDTECH,NSE,GOLDTECH,NSE:GOLDTECH-BE,INE805A01014,AION-TECH SOLUTIONS LTD
NSE:GOODLUCK,NSE,GOODLUCK,NSE:GOODLUCK-EQ,INE127I01024,GOODLUCK INDIA LIMITED
NSE:GOODYEAR,NSE,GOODYEAR,NSE:GOODYEAR-EQ,INE533A01012,GOODYEAR INDIA LIMITED
NSE:GOPAL,NSE,GOPAL,NSE:GOPAL-EQ,INE0L9R01028,GOPAL SNACKS LIMITED
NSE:GOYALALUM,NSE,GOYALALUM,NSE:GOYALALUM-EQ,INE705X01026,GOYAL ALUMINIUMS LIMITED
NSE:GPIL,NSE,GPIL,NSE:GPIL-EQ,INE177H01039,GODAWARI POW & ISP LTD
NSE:GPPL,NSE,GPPL,NSE:GPPL-EQ,INE517F01014,GUJARAT PIPAVAV PORT LTD
NSE:GPTHEALTH,NSE,GPTHEALTH,NSE:GPTHEALTH-EQ,INE486R01017,GPT HEALTHCARE LIMITED
NSE:GPTINFRA,NSE,GPTINFRA,NSE:GPTINFRA-EQ,INE390G01014,GPT INFRAPROJECTS LTD
NSE:GRADIENTE,NSE,GRADIENTE,NSE:GRADIENTE-BE,INE361K01017,GRADIENTE INFOTAINMENT L
NSE:GRANDOAK,NSE,GRANDOAK,NSE:GRANDOAK-EQ,INE926B01016,GRAND OAK CANYONS DIST L
NSE:GRANULES,NSE,GRANULES,NSE:GRANULES-EQ,INE101D01020,GRANULES INDIA LIMITED
NSE:GRAPHITE,NSE,GRAPHITE,NSE:GRAPHITE-EQ,INE371A01025,GRAPHITE INDIA LTD
NSE:GRASIM,NSE,GRASIM,NSE:GRASIM-EQ,INE047A01021,GRASIM INDUSTRIES LTD
NSE:GRAUWEIL,NSE,GRAUWEIL,NSE:GRAUWEIL-EQ,INE266D01021,GRAUER & WEIL IND LTD
NSE:GRAVISSHO,NSE,GRAVISSHO,NSE:GRAVISSHO-BE,INE214F01026,GRAVISS HOSPITALITY LTD.
NSE:GRAVITA,NSE,GRAVITA,NSE:GRAVITA-EQ,INE024L01027,GRAVITA INDIA LIMITED
NSE:GREAVESCOT,NSE,GREAVESCOT,NSE:GREAVESCOT-EQ,INE224A01026,GREAVES COTTON LTD.
NSE:GREENLAM,NSE,GREENLAM,NSE:GREENLAM-EQ,INE544R01021,GREENLAM INDUSTRIES LTD.
NSE:GREENPANEL,NSE,GREENPANEL,NSE:GREENPANEL-EQ,INE08ZM01014,GREENPANEL INDUSTRIES LTD
NSE:GREENPLY,NSE,GREENPLY,NSE:GREENPLY-EQ,INE461C01038,GREENPLY INDUSTRIES LTD
NSE:GREENPOWER,NSE,GREENPOWER,NSE:GREENPOWER-EQ,INE999K01014,ORIENT GREEN POWER CO LTD
NSE:GRINDWELL,NSE,GRINDWELL,NSE:GRINDWELL-EQ,INE536A01023,GRINDWELL NORTON LIMITED
NSE:GRINFRA,NSE,GRINFRA,NSE:GRINFRA-EQ,INE201P01022,G R INFRAPROJECTS LIMITED
NSE:GRMOVER,NSE,GRMOVER,NSE:GRMOVER-EQ,INE192H01020,GRM OVERSEAS LIMITED
NSE:GROBTEA,NSE,GROBTEA,NSE:GROBTEA-EQ,INE646C01018,THE GROB TEA COMPANY LTD
NSE:GROWW,NSE,GROWW,NSE:GROWW-EQ,INE0HOQ01053,BILLIONBRAINS GARAGE VN L
NSE:GRPLTD,NSE,GRPLTD,NSE:GRPLTD-EQ,INE137I01015,GRP LIMITED
NSE:GRSE,NSE,GRSE,NSE:GRSE-EQ,INE382Z01011,GARDEN REACH SHIP&ENG LTD
NSE:GRWRHITECH,NSE,GRWRHITECH,NSE:GRWRHITECH-EQ,INE291A01017,GARWARE HI-TECH FILMS LTD
NSE:GSFC,NSE,GSFC,NSE:GSFC-EQ,INE026A01025,GUJ STATE FERT & CHEM LTD
NSE:GSLSU,NSE,GSLSU,NSE:GSLSU-EQ,INE0JSX01015,GLOBAL SURFACES LIMITED
NSE:GSPCROP,NSE,GSPCROP,NSE:GSPCROP-EQ,INE713R01022,GSP CROP SCIENCE LIMITED
NSE:GSPLTRANS,NSE,GSPLTRANS,NSE:GSPLTRANS-BE,INE1TUG01013,GSPL TRANSMISSION LIMITED
NSE:GSS,NSE,GSS,NSE:GSS-EQ,INE871H01011,GSS INFOTECH LIMITED
NSE:GTECJAINX,NSE,GTECJAINX,NSE:GTECJAINX-EQ,INE586X01012,G-TEC JAINX EDUCATION LTD
NSE:GTL,NSE,GTL,NSE:GTL-EQ,INE043A01012,GTL LTD
NSE:GTLINFRA,NSE,GTLINFRA,NSE:GTLINFRA-EQ,INE221H01019,GTL INFRA.LTD
NSE:GTPL,NSE,GTPL,NSE:GTPL-EQ,INE869I01013,GTPL HATHWAY LIMITED
NSE:GUFICBIO,NSE,GUFICBIO,NSE:GUFICBIO-EQ,INE742B01025,GUFIC BIOSCIENCES LTD.
NSE:GUJALKALI,NSE,GUJALKALI,NSE:GUJALKALI-EQ,INE186A01019,GUJARAT ALKALIES & CHEM
NSE:GUJAPOLLO,NSE,GUJAPOLLO,NSE:GUJAPOLLO-EQ,INE826C01016,GUJ. APOLLO IND. LTD.
NSE:GUJENERGY,NSE,GUJENERGY,NSE:GUJENERGY-EQ,INE844O01030,GUJARAT ENERGY LIMITED
NSE:GUJRAFFIA,NSE,GUJRAFFIA,NSE:GUJRAFFIA-EQ,INE610B01024,GUJARAT RAFFIA INDUST LTD
NSE:GUJTHEM,NSE,GUJTHEM,NSE:GUJTHEM-EQ,INE942C01045,GUJARAT THEMIS BIOSYN LTD
NSE:GULFOILLUB,NSE,GULFOILLUB,NSE:GULFOILLUB-EQ,INE635Q01029,GULF OIL LUB. IND. LTD.
NSE:GULFPETRO,NSE,GULFPETRO,NSE:GULFPETRO-BE,INE586G01017,GP PETROLEUMS LIMITED
NSE:GULPOLY,NSE,GULPOLY,NSE:GULPOLY-EQ,INE255D01024,GULSHAN POLYOLS LIMITED
NSE:GVKPIL,NSE,GVKPIL,NSE:GVKPIL-BE,INE251H01024,GVK POW. & INFRA LTD.
NSE:GVPIL,NSE,GVPIL,NSE:GVPIL-EQ,INE878A01011,GE POWER INDIA LIMITED
NSE:GVPTECH,NSE,GVPTECH,NSE:GVPTECH-BE,INE382T01030,GVP INFOTECH LIMITED
NSE:GVT&D,NSE,GVT&D,NSE:GVT&D-EQ,INE200A01026,GE VERNOVA T&D INDIA LTD
NSE:GYFTR,NSE,GYFTR,NSE:GYFTR-EQ,INE724A01017,GYFTR LIMITED
NSE:HAL,NSE,HAL,NSE:HAL-EQ,INE066F01020,HINDUSTAN AERONAUTICS LTD
NSE:HALDER,NSE,HALDER,NSE:HALDER-EQ,INE115S01010,HALDER VENTURE LIMITED
NSE:HALDYNGL,NSE,HALDYNGL,NSE:HALDYNGL-EQ,INE506D01020,HALDYN GLASS LTD.
NSE:HALEOSLABS,NSE,HALEOSLABS,NSE:HALEOSLABS-EQ,INE320X01016,HALEOS LABS LIMITED
NSE:HAMPTON,NSE,HAMPTON,NSE:HAMPTON-EQ,INE299D01022,HAMPTON SKY REALTY LTD.
NSE:HAPPSTMNDS,NSE,HAPPSTMNDS,NSE:HAPPSTMNDS-EQ,INE419U01012,HAPPIEST MINDS TECHNO LTD
NSE:HAPPYFORGE,NSE,HAPPYFORGE,NSE:HAPPYFORGE-EQ,INE330T01021,HAPPY FORGINGS LIMITED
NSE:HARDWYN,NSE,HARDWYN,NSE:HARDWYN-EQ,INE626Z01029,HARDWYN INDIA LIMITED
NSE:HARIOMPIPE,NSE,HARIOMPIPE,NSE:HARIOMPIPE-EQ,INE00EV01017,HARIOM PIPE INDUSTRIES L
NSE:HARRMALAYA,NSE,HARRMALAYA,NSE:HARRMALAYA-EQ,INE544A01019,HARRISON MALAYALAM LTD
NSE:HARSHA,NSE,HARSHA,NSE:HARSHA-EQ,INE0JUS01029,HARSHA ENGINEERS INT LTD
NSE:HATHWAY,NSE,HATHWAY,NSE:HATHWAY-EQ,INE982F01036,HATHWAY CABLE & DATACOM
NSE:HATSUN,NSE,HATSUN,NSE:HATSUN-EQ,INE473B01035,HATSUN AGRO PRODUCT LTD.
NSE:HAVELLS,NSE,HAVELLS,NSE:HAVELLS-EQ,INE176B01034,HAVELLS INDIA LIMITED
NSE:HAVISHA,NSE,HAVISHA,NSE:HAVISHA-EQ,INE293B01029,SRI HAVISHA HOSP & INFR L
NSE:HAWKINCOOK,NSE,HAWKINCOOK,NSE:HAWKINCOOK-EQ,INE979B01015,HAWKINS COOKERS LTD
NSE:HAZOOR,NSE,HAZOOR,NSE:HAZOOR-EQ,INE550F01049,HAZOOR MULTI PROJECTS LTD
NSE:HBESD,NSE,HBESD,NSE:HBESD-EQ,INE640B01021,H B ESTATE DEVELOPERS L
NSE:HBLENGINE,NSE,HBLENGINE,NSE:HBLENGINE-EQ,INE292B01021,HBL ENGINEERING LTD
NSE:HBPOR,NSE,HBPOR,NSE:HBPOR-EQ,INE638B01025,HB PORTFOLIO LTD.
NSE:HBSL,NSE,HBSL,NSE:HBSL-EQ,INE550B01022,HB STOCKHOLDINGS LIMITED
NSE:HCC,NSE,HCC,NSE:HCC-EQ,INE549A01026,HINDUSTAN CONSTRUCTION CO
NSE:HCG,NSE,HCG,NSE:HCG-EQ,INE075I01017,HEALTHCARE GLOB. ENT. LTD
NSE:HCL-INSYS,NSE,HCL-INSYS,NSE:HCL-INSYS-EQ,INE236A01020,HCL INFOSYSTEMS LTD
NSE:HCLTECH,NSE,HCLTECH,NSE:HCLTECH-EQ,INE860A01027,HCL TECHNOLOGIES LTD
NSE:HDBFS,NSE,HDBFS,NSE:HDBFS-EQ,INE756I01012,HDB FINANCIAL SERVICES L
NSE:HDFCAMC,NSE,HDFCAMC,NSE:HDFCAMC-EQ,INE127D01025,HDFC AMC LIMITED
NSE:HDFCBANK,NSE,HDFCBANK,NSE:HDFCBANK-EQ,INE040A01034,HDFC BANK LTD
NSE:HDFCLIFE,NSE,HDFCLIFE,NSE:HDFCLIFE-EQ,INE795G01014,HDFC LIFE INS CO LTD
NSE:HEADSUP,NSE,HEADSUP,NSE:HEADSUP-EQ,INE759V01019,HEADS UP VENTURES LIMITED
NSE:HEALTHX,NSE,HEALTHX,NSE:HEALTHX-EQ,INE019J01013,HEALTH X PLATFORM LIMITED
NSE:HECPROJECT,NSE,HECPROJECT,NSE:HECPROJECT-EQ,INE558R01013,HEC INFRA PROJECTS LTD
NSE:HEGAM,NSE,HEGAM,NSE:HEGAM-EQ,INE545A01024,HEG ADVANCED MATERIAL LTD
NSE:HEIDELBERG,NSE,HEIDELBERG,NSE:HEIDELBERG-EQ,INE578A01017,HEIDELBERGCEMENT (I) LTD
NSE:HEMIPROP,NSE,HEMIPROP,NSE:HEMIPROP-EQ,INE0AJG01018,HEMISPHERE PROP IND LTD
NSE:HERANBA,NSE,HERANBA,NSE:HERANBA-EQ,INE694N01015,HERANBA INDUSTRIES LTD
NSE:HERITGFOOD,NSE,HERITGFOOD,NSE:HERITGFOOD-EQ,INE978A01027,HERITAGE FOODS LTD
NSE:HEROMOTOCO,NSE,HEROMOTOCO,NSE:HEROMOTOCO-EQ,INE158A01026,HERO MOTOCORP LIMITED
NSE:HEROMOTORS,NSE,HEROMOTORS,NSE:HEROMOTORS-EQ,INE012G01022,HERO MOTORS LIMITED
NSE:HESTERBIO,NSE,HESTERBIO,NSE:HESTERBIO-EQ,INE782E01017,HESTER BIOSCIENCES LTD
NSE:HEXAGON,NSE,HEXAGON,NSE:HEXAGON-BE,INE0JUI01012,HEXAGON NUTRITION LIMITED
NSE:HEXATRADEX,NSE,HEXATRADEX,NSE:HEXATRADEX-EQ,INE750M01017,HEXA TRADEX LIMITED
NSE:HEXT,NSE,HEXT,NSE:HEXT-EQ,INE093A01041,HEXAWARE TECHNOLOGIES LTD
NSE:HFCL,NSE,HFCL,NSE:HFCL-BE,INE548A01028,HFCL LIMITED
NSE:HGINFRA,NSE,HGINFRA,NSE:HGINFRA-EQ,INE926X01010,H.G.INFRA ENGINEERING LTD
NSE:HGM,NSE,HGM,NSE:HGM-EQ,INE596H01014,HANDSON GBL MNGMNT LTD
NSE:HGS,NSE,HGS,NSE:HGS-EQ,INE170I01016,HINDUJA GLOBAL SOLS. LTD.
NSE:HIKAL,NSE,HIKAL,NSE:HIKAL-EQ,INE475B01022,HIKAL LIMITED
NSE:HILINFRA,NSE,HILINFRA,NSE:HILINFRA-EQ,INE00RL01028,HIGHWAY INFRASTRUCTURE L
NSE:HILTON,NSE,HILTON,NSE:HILTON-EQ,INE788H01017,HILTON METAL FORGING LTD
NSE:HIMATSEIDE,NSE,HIMATSEIDE,NSE:HIMATSEIDE-EQ,INE049A01027,HIMATSINGKA SEIDE LTD
NSE:HINDADH,NSE,HINDADH,NSE:HINDADH-EQ,INE074C01013,HINDUSTAN ADHESIVES LTD.
NSE:HINDALCO,NSE,HINDALCO,NSE:HINDALCO-EQ,INE038A01020,HINDALCO  INDUSTRIES  LTD
NSE:HINDALUMI,NSE,HINDALUMI,NSE:HINDALUMI-EQ,INE227B01019,HIND ALUMINIUM INDS. LTD.
NSE:HINDCOMPOS,NSE,HINDCOMPOS,NSE:HINDCOMPOS-EQ,INE310C01029,HINDUSTAN COMPOSITES LTD.
NSE:HINDCON,NSE,HINDCON,NSE:HINDCON-BE,INE642Y01029,HINDCON CHEMICALS LIMITED
NSE:HINDCOPPER,NSE,HINDCOPPER,NSE:HINDCOPPER-EQ,INE531E01026,HINDUSTAN COPPER LTD
NSE:HINDOILEXP,NSE,HINDOILEXP,NSE:HINDOILEXP-EQ,INE345A01011,HINDUSTAN OIL EXPLORATION
NSE:HINDPETRO,NSE,HINDPETRO,NSE:HINDPETRO-EQ,INE094A01015,HINDUSTAN PETROLEUM CORP
NSE:HINDUNILVR,NSE,HINDUNILVR,NSE:HINDUNILVR-EQ,INE030A01027,HINDUSTAN UNILEVER LTD.
NSE:HINDWAREAP,NSE,HINDWAREAP,NSE:HINDWAREAP-EQ,INE05AN01011,HINDWARE HME INOVATON LTD
NSE:HINDZINC,NSE,HINDZINC,NSE:HINDZINC-EQ,INE267A01025,HINDUSTAN ZINC LIMITED
NSE:HIRECT,NSE,HIRECT,NSE:HIRECT-EQ,INE835D01023,HIRECT LIMITED
NSE:HISARMETAL,NSE,HISARMETAL,NSE:HISARMETAL-EQ,INE598C01011,HISAR METAL IND. LIMITED
NSE:HITECH,NSE,HITECH,NSE:HITECH-EQ,INE106T01025,HI-TECH PIPES LIMITED
NSE:HITECHCORP,NSE,HITECHCORP,NSE:HITECHCORP-BE,INE120D01012,HITECH CORPORATION LTD
NSE:HITECHGEAR,NSE,HITECHGEAR,NSE:HITECHGEAR-BE,INE127B01011,THE HI-TECH GEARS LIMITED
NSE:HLEGLAS,NSE,HLEGLAS,NSE:HLEGLAS-EQ,INE461D01028,HLE GLASCOAT LIMITED
NSE:HLVLTD,NSE,HLVLTD,NSE:HLVLTD-EQ,INE102A01024,HLV LIMITED
NSE:HMAAGRO,NSE,HMAAGRO,NSE:HMAAGRO-EQ,INE0ECP01024,HMA AGRO INDUSTRIES LTD
NSE:HMVL,NSE,HMVL,NSE:HMVL-BE,INE871K01015,HINDUSTAN MEDIA VENT LTD
NSE:HNDFDS,NSE,HNDFDS,NSE:HNDFDS-EQ,INE254N01026,HINDUSTAN FOODS LIMITED
NSE:HOMEFIRST,NSE,HOMEFIRST,NSE:HOMEFIRST-EQ,INE481N01025,HOME FIRST FIN CO IND LTD
NSE:HONASA,NSE,HONASA,NSE:HONASA-EQ,INE0J5401028,HONASA CONSUMER LIMITED
NSE:HONAUT,NSE,HONAUT,NSE:HONAUT-EQ,INE671A01010,HONEYWELL AUTOMATION IND
NSE:HONDAPOWER,NSE,HONDAPOWER,NSE:HONDAPOWER-EQ,INE634A01018,HONDA I POWER PRODUCT LTD
NSE:HORIZONIND,NSE,HORIZONIND,NSE:HORIZONIND-EQ,INE685T01010,HORIZON INDUSTRIAL PRKS L
NSE:HPAL,NSE,HPAL,NSE:HPAL-EQ,INE0GSL01024,HP ADHESIVES LIMITED
NSE:HPIL,NSE,HPIL,NSE:HPIL-EQ,INE05X901010,HINDPRAKASH INDUSTRY LTD
NSE:HPL,NSE,HPL,NSE:HPL-EQ,INE495S01016,HPL ELECTRIC & POWER LTD
NSE:HRYNSHP,NSE,HRYNSHP,NSE:HRYNSHP-EQ,INE400G01011,HARIYANA SHIP BREAKERS L
NSE:HSCL,NSE,HSCL,NSE:HSCL-EQ,INE019C01026,HIMADRI SPECIALITY CHEM L
NSE:HTEL,NSE,HTEL,NSE:HTEL-EQ,INE0LEG01024,HY-TECH ENGINEERS LIMITED
NSE:HTMEDIA,NSE,HTMEDIA,NSE:HTMEDIA-EQ,INE501G01024,HT MEDIA LIMITED
NSE:HUBTOWN,NSE,HUBTOWN,NSE:HUBTOWN-EQ,INE703H01016,HUBTOWN LIMITED
NSE:HUDCO,NSE,HUDCO,NSE:HUDCO-EQ,INE031A01017,HSG & URBAN DEV CORPN LTD
NSE:HUHTAMAKI,NSE,HUHTAMAKI,NSE:HUHTAMAKI-EQ,INE275B01026,HUHTAMAKI INDIA LIMITED
NSE:HYBRIDFIN,NSE,HYBRIDFIN,NSE:HYBRIDFIN-EQ,INE965B01022,HYBRID FINANCIAL SERVICE
NSE:HYUNDAI,NSE,HYUNDAI,NSE:HYUNDAI-EQ,INE0V6F01027,HYUNDAI MOTOR INDIA LTD
NSE:IBULLSLTD,NSE,IBULLSLTD,NSE:IBULLSLTD-EQ,INE126M01010,INDIABULLS LIMITED
NSE:ICDSLTD,NSE,ICDSLTD,NSE:ICDSLTD-BE,INE613B01010,ICDSLTD
NSE:ICEMAKE,NSE,ICEMAKE,NSE:ICEMAKE-EQ,INE520Y01019,ICE MAKE REFRIGERAT LTD
NSE:ICICIAMC,NSE,ICICIAMC,NSE:ICICIAMC-EQ,INE346A01027,ICICI PRUDENTIAL AMC LTD
NSE:ICICIBANK,NSE,ICICIBANK,NSE:ICICIBANK-EQ,INE090A01021,ICICI BANK LTD.
NSE:ICICIGI,NSE,ICICIGI,NSE:ICICIGI-EQ,INE765G01017,ICICI LOMBARD GIC LIMITED
NSE:ICICIPRULI,NSE,ICICIPRULI,NSE:ICICIPRULI-EQ,INE726G01019,ICICI PRU LIFE INS CO LTD
NSE:ICIL,NSE,ICIL,NSE:ICIL-EQ,INE483B01026,INDO COUNT INDUSTRIES LTD
NSE:ICRA,NSE,ICRA,NSE:ICRA-EQ,INE725G01011,ICRA LIMITED
NSE:IDBI,NSE,IDBI,NSE:IDBI-EQ,INE008A01015,IDBI BANK LIMITED
NSE:IDEA,NSE,IDEA,NSE:IDEA-EQ,INE669E01016,VODAFONE IDEA LIMITED
NSE:IDEAFORGE,NSE,IDEAFORGE,NSE:IDEAFORGE-EQ,INE349Y01013,IDEAFORGE TECHNO LTD
NSE:IDFCFIRSTB,NSE,IDFCFIRSTB,NSE:IDFCFIRSTB-EQ,INE092T01019,IDFC FIRST BANK LIMITED
NSE:IEX,NSE,IEX,NSE:IEX-EQ,INE022Q01020,INDIAN ENERGY EXC LTD
NSE:IFBAGRO,NSE,IFBAGRO,NSE:IFBAGRO-EQ,INE076C01018,IFB AGRO INDUSTRIES LTD
NSE:IFBIND,NSE,IFBIND,NSE:IFBIND-EQ,INE559A01017,IFB INDUSTRIES LTD
NSE:IFCI,NSE,IFCI,NSE:IFCI-EQ,INE039A01010,IFCI LTD
NSE:IFGLEXPOR,NSE,IFGLEXPOR,NSE:IFGLEXPOR-EQ,INE133Y01011,IFGL REFRACTORIES LIMITED
NSE:IGARASHI,NSE,IGARASHI,NSE:IGARASHI-EQ,INE188B01013,IGARASHI MOTORS INDIA LTD
NSE:IGCL,NSE,IGCL,NSE:IGCL-EQ,INE05J901018,INDOGULF CROPSCIENCES LTD
NSE:IGIL,NSE,IGIL,NSE:IGIL-EQ,INE0Q9301021,INTL GEMOLOGICAL INST LTD
NSE:IGL,NSE,IGL,NSE:IGL-EQ,INE203G01027,INDRAPRASTHA GAS LTD
NSE:IGPL,NSE,IGPL,NSE:IGPL-EQ,INE204A01010,I G PETROCHEMICALS LTD
NSE:IIFL,NSE,IIFL,NSE:IIFL-EQ,INE530B01024,IIFL FINANCE LIMITED
NSE:IIFLCAPS,NSE,IIFLCAPS,NSE:IIFLCAPS-EQ,INE489L01022,IIFL CAPITAL SERVICES LTD
NSE:IITL,NSE,IITL,NSE:IITL-EQ,INE886A01014,INDUSTRIAL INV TRUST LTD
NSE:IKIO,NSE,IKIO,NSE:IKIO-EQ,INE0LOJ01019,IKIO TECHNOLOGIES LIMITED
NSE:IKS,NSE,IKS,NSE:IKS-EQ,INE115Q01022,INVENTURUS KNOWLEDGE SO L
NSE:IMAGICAA,NSE,IMAGICAA,NSE:IMAGICAA-EQ,INE172N01012,IMAGICAAWORLD ENT LTD
NSE:IMFA,NSE,IMFA,NSE:IMFA-EQ,INE919H01018,INDIAN METALS & FERRO
NSE:IMPAL,NSE,IMPAL,NSE:IMPAL-EQ,INE547E01014,IND MOTOR PART & ACC LTD
NSE:INA,NSE,INA,NSE:INA-EQ,INE0LGX01024,INSOLATION ENERGY LIMITED
NSE:INCREDIBLE,NSE,INCREDIBLE,NSE:INCREDIBLE-EQ,INE452L01012,INCREDIBLE INDUSTRIES LTD
NSE:INDBANK,NSE,INDBANK,NSE:INDBANK-EQ,INE841B01017,INDBANK MERCH BANK
NSE:INDGN,NSE,INDGN,NSE:INDGN-EQ,INE065X01017,INDEGENE LIMITED
NSE:INDHOTEL,NSE,INDHOTEL,NSE:INDHOTEL-EQ,INE053A01029,THE INDIAN HOTELS CO. LTD
NSE:INDIACEM,NSE,INDIACEM,NSE:INDIACEM-EQ,INE383A01012,THE INDIA CEMENTS LIMITED
NSE:INDIAGLYCO,NSE,INDIAGLYCO,NSE:INDIAGLYCO-EQ,INE560A01023,INDIA GLYCOLS LTD
NSE:INDIAMART,NSE,INDIAMART,NSE:INDIAMART-EQ,INE933S01016,INDIAMART INTERMESH LTD
NSE:INDIANB,NSE,INDIANB,NSE:INDIANB-EQ,INE562A01011,INDIAN BANK
NSE:INDIANCARD,NSE,INDIANCARD,NSE:INDIANCARD-EQ,INE061A01014,INDIAN CARD CLOTHING CO.
NSE:INDIANHUME,NSE,INDIANHUME,NSE:INDIANHUME-EQ,INE323C01030,INDIAN HUME PIPE CO. LTD.
NSE:INDIASHLTR,NSE,INDIASHLTR,NSE:INDIASHLTR-EQ,INE922K01024,INDIA SHELTER FIN CORP L
NSE:INDIGO,NSE,INDIGO,NSE:INDIGO-EQ,INE646L01027,INTERGLOBE AVIATION LTD
NSE:INDIGOPNTS,NSE,INDIGOPNTS,NSE:INDIGOPNTS-EQ,INE09VQ01012,INDIGO PAINTS LIMITED
NSE:INDIQUBE,NSE,INDIQUBE,NSE:INDIQUBE-EQ,INE06ST01018,INDIQUBE SPACES LIMITED
NSE:INDNIPPON,NSE,INDNIPPON,NSE:INDNIPPON-EQ,INE092B01025,INDIA NIPPON ELECT  LTD
NSE:INDOAMIN,NSE,INDOAMIN,NSE:INDOAMIN-EQ,INE760F01028,INDO AMINES LIMITED
NSE:INDOBORAX,NSE,INDOBORAX,NSE:INDOBORAX-EQ,INE803D01021,INDO BORAX & CHEMICAL LTD
NSE:INDOCO,NSE,INDOCO,NSE:INDOCO-EQ,INE873D01024,INDOCO REMEDIES LTD.
NSE:INDOFARM,NSE,INDOFARM,NSE:INDOFARM-EQ,INE622H01018,INDO FARM EQUIPMENT LTD
NSE:INDOKEM,NSE,INDOKEM,NSE:INDOKEM-EQ,INE716F01012,INDOKEM LTD.
NSE:INDOMIM,NSE,INDOMIM,NSE:INDOMIM-EQ,INE084101034,INDO-MIM LIMITED
NSE:INDORAMA,NSE,INDORAMA,NSE:INDORAMA-EQ,INE156A01020,INDO RAMA SYNTHETICS LTD
NSE:INDOSTAR,NSE,INDOSTAR,NSE:INDOSTAR-EQ,INE896L01010,INDOSTAR CAPITAL FIN LTD
NSE:INDOTECH,NSE,INDOTECH,NSE:INDOTECH-EQ,INE332H01014,INDO TECH TRANSFORM LTD.
NSE:INDOTHAI,NSE,INDOTHAI,NSE:INDOTHAI-EQ,INE337M01021,INDO THAI SEC LTD
NSE:INDOUS,NSE,INDOUS,NSE:INDOUS-EQ,INE250Z01010,INDO US BIOTECH LTD
NSE:INDOWIND,NSE,INDOWIND,NSE:INDOWIND-EQ,INE227G01018,INDOWIND ENERGY LTD
NSE:INDPRUD,NSE,INDPRUD,NSE:INDPRUD-EQ,INE620D01011,INDUSTRIAL & PRU INV CO L
NSE:INDRAMEDCO,NSE,INDRAMEDCO,NSE:INDRAMEDCO-EQ,INE681B01017,INDRAPRASTHA MEDICAL CORP
NSE:INDSWFTLAB,NSE,INDSWFTLAB,NSE:INDSWFTLAB-EQ,INE915B01019,IND SWIFT LABORATORIES LT
NSE:INDTERRAIN,NSE,INDTERRAIN,NSE:INDTERRAIN-EQ,INE611L01021,IND TERRAIN FASHIONS LTD
NSE:INDUSINDBK,NSE,INDUSINDBK,NSE:INDUSINDBK-EQ,INE095A01012,INDUSIND BANK LIMITED
NSE:INDUSTOWER,NSE,INDUSTOWER,NSE:INDUSTOWER-EQ,INE121J01017,INDUS TOWERS LIMITED
NSE:INFOBEAN,NSE,INFOBEAN,NSE:INFOBEAN-EQ,INE344S01016,INFOBEANS TECHNO. LTD.
NSE:INFOMEDIA,NSE,INFOMEDIA,NSE:INFOMEDIA-EQ,INE669A01022,INFOMEDIA PRESS LIMITED
NSE:INFY,NSE,INFY,NSE:INFY-EQ,INE009A01021,INFOSYS LIMITED
NSE:INGERRAND,NSE,INGERRAND,NSE:INGERRAND-EQ,INE177A01018,INGERSOLL-RAND INDIA LTD
NSE:INNOVACAP,NSE,INNOVACAP,NSE:INNOVACAP-EQ,INE0DUT01020,INNOVA CAPTAB LIMITED
NSE:INNOVANA,NSE,INNOVANA,NSE:INNOVANA-EQ,INE403Y01018,INNOVANA THINKLABS LTD
NSE:INNOVISION,NSE,INNOVISION,NSE:INNOVISION-EQ,INE0ADB01012,INNOVISION LIMITED
NSE:INOXGREEN,NSE,INOXGREEN,NSE:INOXGREEN-EQ,INE510W01014,INOX GREEN ENERGY SER LTD
NSE:INOXINDIA,NSE,INOXINDIA,NSE:INOXINDIA-EQ,INE616N01034,INOX INDIA LIMITED
NSE:INOXWIND,NSE,INOXWIND,NSE:INOXWIND-EQ,INE066P01011,INOX WIND LIMITED
NSE:INSECTICID,NSE,INSECTICID,NSE:INSECTICID-EQ,INE070I01018,INSECTICIDES (I) LTD
NSE:INSPIRISYS,NSE,INSPIRISYS,NSE:INSPIRISYS-EQ,INE020G01017,INSPIRISYS SOLUTIONS LTD
NSE:INTELLECT,NSE,INTELLECT,NSE:INTELLECT-EQ,INE306R01017,INTELLECT DESIGN ARENA
NSE:INTENTECH,NSE,INTENTECH,NSE:INTENTECH-EQ,INE781A01025,INTENSE TECHNOLOGIES LTD
NSE:INTERARCH,NSE,INTERARCH,NSE:INTERARCH-EQ,INE00M901018,INTERARCH BLDNG SOLTN LTD
NSE:INTLCONV,NSE,INTLCONV,NSE:INTLCONV-EQ,INE575C01027,INTL CONVEYORS LIMITED
NSE:INVENTURE,NSE,INVENTURE,NSE:INVENTURE-EQ,INE878H01024,INVENTURE GRO & SEC LTD
NSE:INVPRECQ,NSE,INVPRECQ,NSE:INVPRECQ-BE,INE155E01016,INVESTMENT & PREC CAST L
NSE:IOB,NSE,IOB,NSE:IOB-EQ,INE565A01014,INDIAN OVERSEAS BANK
NSE:IOC,NSE,IOC,NSE:IOC-EQ,INE242A01010,INDIAN OIL CORP LTD
NSE:IOLCP,NSE,IOLCP,NSE:IOLCP-EQ,INE485C01029,IOL CHEM AND PHARMA LTD
NSE:IONEXCHANG,NSE,IONEXCHANG,NSE:IONEXCHANG-EQ,INE570A01022,ION EXCHANGE (INDIA) LTD
NSE:IPCALAB,NSE,IPCALAB,NSE:IPCALAB-EQ,INE571A01038,IPCA LABORATORIES LTD
NSE:IPL,NSE,IPL,NSE:IPL-EQ,INE0D6701023,INDIA PESTICIDES LIMITED
NSE:IPRINGLTD,NSE,IPRINGLTD,NSE:IPRINGLTD-EQ,INE558A01019,IP RINGS LTD.
NSE:IRB,NSE,IRB,NSE:IRB-EQ,INE821I01022,IRB INFRA DEV LTD.
NSE:IRCON,NSE,IRCON,NSE:IRCON-EQ,INE962Y01021,IRCON INTERNATIONAL LTD
NSE:IRCTC,NSE,IRCTC,NSE:IRCTC-EQ,INE335Y01020,INDIAN RAIL TOUR CORP LTD
NSE:IREDA,NSE,IREDA,NSE:IREDA-EQ,INE202E01016,INDIAN RENEWABLE ENERGY
NSE:IRFC,NSE,IRFC,NSE:IRFC-EQ,INE053F01010,INDIAN RAILWAY FIN CORP L
NSE:IRIS,NSE,IRIS,NSE:IRIS-EQ,INE864K01010,IRIS REGTECH SOLUTION LTD
NSE:IRISDOREME,NSE,IRISDOREME,NSE:IRISDOREME-EQ,INE01GN01025,IRIS CLOTHINGS LIMITED
NSE:IRMENERGY,NSE,IRMENERGY,NSE:IRMENERGY-EQ,INE07U701015,IRM ENERGY LIMITED
NSE:ISFT,NSE,ISFT,NSE:ISFT-BE,INE566K01011,INTRASOFT TECH. LTD
NSE:ISGEC,NSE,ISGEC,NSE:ISGEC-EQ,INE858B01029,ISGEC HEAVY ENG LTD
NSE:ISHANCH,NSE,ISHANCH,NSE:ISHANCH-EQ,INE561M01018,ISHAN DYES N CHEMICALS L
NSE:ISTLTD,NSE,ISTLTD,NSE:ISTLTD-EQ,INE684B01029,I S T LTD.
NSE:ITC,NSE,ITC,NSE:ITC-EQ,INE154A01025,ITC LTD
NSE:ITCHOTELS,NSE,ITCHOTELS,NSE:ITCHOTELS-EQ,INE379A01028,ITC HOTELS LIMITED
NSE:ITDC,NSE,ITDC,NSE:ITDC-EQ,INE353K01014,INDIA TOUR. DEV. CO. LTD.
NSE:ITI,NSE,ITI,NSE:ITI-EQ,INE248A01017,ITI LTD
NSE:ITL,NSE,ITL,NSE:ITL-EQ,INE478D01014,ITL INDUSTRIES LTD.
NSE:IVALUE,NSE,IVALUE,NSE:IVALUE-EQ,INE056801025,IVALUE INFOSOLUTIONS LTD
NSE:IVC,NSE,IVC,NSE:IVC-EQ,INE050B01023,IL&FS INVESTMENT MANAGERS
NSE:IVP,NSE,IVP,NSE:IVP-BE,INE043C01018,IVP LIMITED
NSE:IWP,NSE,IWP,NSE:IWP-EQ,INE586E01020,INDIAN WOOD PRODUCTS CO L
NSE:IXIGO,NSE,IXIGO,NSE:IXIGO-EQ,INE0HV901016,LE TRAVENUES TECHNOLOGY L
NSE:IZMO,NSE,IZMO,NSE:IZMO-EQ,INE848A01014,IZMO LIMITED
NSE:J&KBANK,NSE,J&KBANK,NSE:J&KBANK-EQ,INE168A01041,J & K BANK LTD.
NSE:JAGRAN,NSE,JAGRAN,NSE:JAGRAN-EQ,INE199G01027,JAGRAN PRAKASHAN LIMITED
NSE:JAGSNPHARM,NSE,JAGSNPHARM,NSE:JAGSNPHARM-EQ,INE048B01035,JAGSONPAL PHARMACEUTICALS
NSE:JAIBALAJI,NSE,JAIBALAJI,NSE:JAIBALAJI-EQ,INE091G01026,JAI BALAJI INDUSTRIES LTD
NSE:JAICORPLTD,NSE,JAICORPLTD,NSE:JAICORPLTD-EQ,INE070D01027,JAI CORP LIMITED
NSE:JAINREC,NSE,JAINREC,NSE:JAINREC-EQ,INE0YD401026,JAIN RESOURCE RECYCLING L
NSE:JAIPURKURT,NSE,JAIPURKURT,NSE:JAIPURKURT-EQ,INE696V01013,NANDANI CREATION LIMITED
NSE:JAMNAAUTO,NSE,JAMNAAUTO,NSE:JAMNAAUTO-EQ,INE039C01032,JAMNA AUTO IND LTD
NSE:JARO,NSE,JARO,NSE:JARO-EQ,INE00YJ01010,JARO INS OF TEC MG N RE L
NSE:JASH,NSE,JASH,NSE:JASH-EQ,INE039O01029,JASH ENGINEERING LIMITED
NSE:JAYAGROGN,NSE,JAYAGROGN,NSE:JAYAGROGN-EQ,INE785A01026,JAYANT AGRO ORGANICS LTD
NSE:JAYBARMARU,NSE,JAYBARMARU,NSE:JAYBARMARU-EQ,INE571B01036,JAY BHARAT MARUTI LTD
NSE:JAYKAY,NSE,JAYKAY,NSE:JAYKAY-EQ,INE903A01025,JAYKAY ENTERPRISES LTD
NSE:JAYNECOIND,NSE,JAYNECOIND,NSE:JAYNECOIND-EQ,INE854B01010,JAYASWAL NECO INDUSTR LTD
NSE:JAYSREETEA,NSE,JAYSREETEA,NSE:JAYSREETEA-EQ,INE364A01020,JAYSHREE TEA & INDUSTRIES
NSE:JBMA,NSE,JBMA,NSE:JBMA-EQ,INE927D01051,JBM AUTO LIMITED
NSE:JENBURPH,NSE,JENBURPH,NSE:JENBURPH-EQ,INE354A01013,JENBURKT PHARMACEUTICAL L
NSE:JETFREIGHT,NSE,JETFREIGHT,NSE:JETFREIGHT-EQ,INE982V01025,JET FREIGHT LOGISTICS LTD
NSE:JGCHEM,NSE,JGCHEM,NSE:JGCHEM-EQ,INE0MB501011,J.G.CHEMICALS LIMITED
NSE:JHS,NSE,JHS,NSE:JHS-BE,INE544H01014,JHS SVEND. LAB. LTD
NSE:JINDALPHOT,NSE,JINDALPHOT,NSE:JINDALPHOT-EQ,INE796G01012,JINDAL PHOTO LIMITED
NSE:JINDALPOLY,NSE,JINDALPOLY,NSE:JINDALPOLY-EQ,INE197D01010,JINDAL POLY FILMS LIMITED
NSE:JINDALSAW,NSE,JINDALSAW,NSE:JINDALSAW-EQ,INE324A01032,JINDAL SAW LIMITED
NSE:JINDALSTEL,NSE,JINDALSTEL,NSE:JINDALSTEL-EQ,INE749A01030,JINDAL STEEL LIMITED
NSE:JINDRILL,NSE,JINDRILL,NSE:JINDRILL-EQ,INE742C01031,JINDAL DRILLING IND. LTD
NSE:JINDWORLD,NSE,JINDWORLD,NSE:JINDWORLD-EQ,INE247D01039,JINDAL WORLDWIDE LTD
NSE:JIOFIN,NSE,JIOFIN,NSE:JIOFIN-EQ,INE758E01017,JIO FIN SERVICES LTD
NSE:JISLJALEQS,NSE,JISLJALEQS,NSE:JISLJALEQS-EQ,INE175A01038,JAIN IRRIGATION SYSTEMS
NSE:JITFINFRA,NSE,JITFINFRA,NSE:JITFINFRA-EQ,INE863T01013,JITF INFRALOGISTICS LTD
NSE:JKCEMENT,NSE,JKCEMENT,NSE:JKCEMENT-EQ,INE823G01014,JK CEMENT LIMITED
NSE:JKIL,NSE,JKIL,NSE:JKIL-EQ,INE576I01022,JKUMAR INFR.LTD.
NSE:JKIPL,NSE,JKIPL,NSE:JKIPL-EQ,INE1FF001016,JINKUSHAL INDUSTRIES LTD
NSE:JKLAKSHMI,NSE,JKLAKSHMI,NSE:JKLAKSHMI-EQ,INE786A01032,JK LAKSHMI CEMENT LTD
NSE:JKPAPER,NSE,JKPAPER,NSE:JKPAPER-EQ,INE789E01012,JK PAPER LIMITED
NSE:JKTYRE,NSE,JKTYRE,NSE:JKTYRE-EQ,INE573A01042,JK TYRE & INDUSTRIES LTD
NSE:JLHL,NSE,JLHL,NSE:JLHL-EQ,INE682M01020,JUPITER LIFE LINE HOSP L
NSE:JMA,NSE,JMA,NSE:JMA-EQ,INE412C01023,JULLUNDUR MOT AGENCY LTD
NSE:JMFINANCIL,NSE,JMFINANCIL,NSE:JMFINANCIL-EQ,INE780C01023,JM FINANCIAL LIMITED
NSE:JNKINDIA,NSE,JNKINDIA,NSE:JNKINDIA-EQ,INE0OAF01028,JNK INDIA LIMITED
NSE:JNPR,NSE,JNPR,NSE:JNPR-EQ,INE05C901015,JUNIPER GREEN ENERGY LTD
NSE:JOCIL,NSE,JOCIL,NSE:JOCIL-EQ,INE839G01010,JOCIL LIMITED
NSE:JPOLYINVST,NSE,JPOLYINVST,NSE:JPOLYINVST-EQ,INE147P01019,JIND POL INV & FIN CO LTD
NSE:JPPOWER,NSE,JPPOWER,NSE:JPPOWER-EQ,INE351F01018,JAIPRAKASH POWER VEN. LTD
NSE:JSFB,NSE,JSFB,NSE:JSFB-EQ,INE953L01027,JANA SMALL FIN BANK LTD
NSE:JSIPL,NSE,JSIPL,NSE:JSIPL-BE,INE1DLO01028,JINDAL SUPREME (INDIA) L
NSE:JSL,NSE,JSL,NSE:JSL-EQ,INE220G01021,JINDAL STAINLESS LIMITED
NSE:JSLL,NSE,JSLL,NSE:JSLL-EQ,INE0J5801029,JEENA SIKHO LIFECARE LTD
NSE:JSWCEMENT,NSE,JSWCEMENT,NSE:JSWCEMENT-EQ,INE718I01012,JSW CEMENT LIMITED
NSE:JSWDULUX,NSE,JSWDULUX,NSE:JSWDULUX-EQ,INE133A01011,JSW DULUX LIMITED
NSE:JSWENERGY,NSE,JSWENERGY,NSE:JSWENERGY-EQ,INE121E01018,JSW ENERGY LIMITED
NSE:JSWHL,NSE,JSWHL,NSE:JSWHL-EQ,INE824G01012,JSW HOLDINGS LIMITED
NSE:JSWINFRA,NSE,JSWINFRA,NSE:JSWINFRA-EQ,INE880J01026,JSW INFRASTRUCTURE LTD
NSE:JSWSTEEL,NSE,JSWSTEEL,NSE:JSWSTEEL-EQ,INE019A01038,JSW STEEL LIMITED
NSE:JTEKTINDIA,NSE,JTEKTINDIA,NSE:JTEKTINDIA-EQ,INE643A01035,JTEKT INDIA LIMITED
NSE:JTLIND,NSE,JTLIND,NSE:JTLIND-EQ,INE391J01032,JTL INDUSTRIES LIMITED
NSE:JUBLCPL,NSE,JUBLCPL,NSE:JUBLCPL-EQ,INE03CC01015,JUBILANT AGRI N CON PRO L
NSE:JUBLFOOD,NSE,JUBLFOOD,NSE:JUBLFOOD-EQ,INE797F01020,JUBILANT FOODWORKS LTD
NSE:JUBLINGREA,NSE,JUBLINGREA,NSE:JUBLINGREA-EQ,INE0BY001018,JUBILANT INGREVIA LIMITED
NSE:JUBLPHARMA,NSE,JUBLPHARMA,NSE:JUBLPHARMA-EQ,INE700A01033,JUBILANT PHARMOVA LTD
NSE:JUNIPER,NSE,JUNIPER,NSE:JUNIPER-EQ,INE696F01016,JUNIPER HOTELS LIMITED
NSE:JUSTDIAL,NSE,JUSTDIAL,NSE:JUSTDIAL-EQ,INE599M01018,JUSTDIAL LTD.
NSE:JWL,NSE,JWL,NSE:JWL-EQ,INE209L01016,JUPITER WAGONS LIMITED
NSE:JYOTHYLAB,NSE,JYOTHYLAB,NSE:JYOTHYLAB-EQ,INE668F01031,JYOTHY LABS LIMITED
NSE:JYOTICNC,NSE,JYOTICNC,NSE:JYOTICNC-EQ,INE980O01024,JYOTI CNC AUTOMATION LTD
NSE:JYOTIRES,NSE,JYOTIRES,NSE:JYOTIRES-EQ,INE577D01013,JYOTI RESINS & ADHESIVE L
NSE:JYOTISTRUC,NSE,JYOTISTRUC,NSE:JYOTISTRUC-EQ,INE197A01024,JYOTI STRUCTURES LTD
NSE:KABRAEXTRU,NSE,KABRAEXTRU,NSE:KABRAEXTRU-BE,INE900B01029,KABRAEXTRUSION
NSE:KAJARIACER,NSE,KAJARIACER,NSE:KAJARIACER-EQ,INE217B01036,KAJARIA CERAMICS LTD
NSE:KAKATCEM,NSE,KAKATCEM,NSE:KAKATCEM-EQ,INE437B01014,KAKATIYA CEM SUGAR &IND L
NSE:KALAMANDIR,NSE,KALAMANDIR,NSE:KALAMANDIR-EQ,INE438K01021,SAI SILKS (KALAMANDIR) L
NSE:KALPATARU,NSE,KALPATARU,NSE:KALPATARU-EQ,INE227J01012,KALPATARU LIMITED
NSE:KALYANI,NSE,KALYANI,NSE:KALYANI-BE,INE610E01010,KALYANI COMMERCIALS LTD
NSE:KALYANIFRG,NSE,KALYANIFRG,NSE:KALYANIFRG-BE,INE314G01014,KALYANI FORGE LIMITED
NSE:KALYANKJIL,NSE,KALYANKJIL,NSE:KALYANKJIL-EQ,INE303R01014,KALYAN JEWELLERS IND LTD
NSE:KAMAHOLD,NSE,KAMAHOLD,NSE:KAMAHOLD-EQ,INE411F01010,KAMA HOLDINGS LTD.
NSE:KAMANWALA,NSE,KAMANWALA,NSE:KAMANWALA-EQ,INE344D01018,KAMANWALA HOUSING CONST L
NSE:KAMATHOTEL,NSE,KAMATHOTEL,NSE:KAMATHOTEL-EQ,INE967C01018,KAMAT HOTELS (I) LTD
NSE:KAMDHENU,NSE,KAMDHENU,NSE:KAMDHENU-EQ,INE390H01020,KAMDHENU LIMITED
NSE:KAMOPAINTS,NSE,KAMOPAINTS,NSE:KAMOPAINTS-EQ,INE0BTI01037,KAMDHENU VENTURES LIMITED
NSE:KANANIIND,NSE,KANANIIND,NSE:KANANIIND-EQ,INE879E01037,KANANI INDUSTRIES LTD
NSE:KANCHI,NSE,KANCHI,NSE:KANCHI-EQ,INE081G01019,KANCHI KARPOORAM LTD.
NSE:KANCOTEA,NSE,KANCOTEA,NSE:KANCOTEA-EQ,INE398L01017,KANCO TEA & INDS. LTD.
NSE:KANOHAR,NSE,KANOHAR,NSE:KANOHAR-EQ,INE877D01025,KANOHAR ELECTRICALS LTD
NSE:KANORICHEM,NSE,KANORICHEM,NSE:KANORICHEM-BE,INE138C01024,KANORIACHEMICALS-
NSE:KANPRPLA,NSE,KANPRPLA,NSE:KANPRPLA-EQ,INE694E01014,KANPUR PLASTIPACK LIMITED
NSE:KANSAINER,NSE,KANSAINER,NSE:KANSAINER-EQ,INE531A01024,KANSAI NEROLAC PAINTS LTD
NSE:KAPSTON,NSE,KAPSTON,NSE:KAPSTON-EQ,INE542Z01028,KAPSTON SERVICES LIMITED
NSE:KARAMTARA,NSE,KARAMTARA,NSE:KARAMTARA-EQ,INE590T01012,KARAMTARA ENGINEERING L
NSE:KARMAENG,NSE,KARMAENG,NSE:KARMAENG-EQ,INE725L01011,KARMA ENERGY LIMITED
NSE:KARURVYSYA,NSE,KARURVYSYA,NSE:KARURVYSYA-EQ,INE036D01028,KARUR VYSYA BANK LTD
NSE:KAUSHALYA,NSE,KAUSHALYA,NSE:KAUSHALYA-BE,INE234I01028,KAUSHALYA INFRA DEV LTD.
NSE:KAVDEFENCE,NSE,KAVDEFENCE,NSE:KAVDEFENCE-BE,INE641C01019,KAVVERI DFS & WIR TEC LTD
NSE:KAYA,NSE,KAYA,NSE:KAYA-BE,INE587G01015,KAYA LIMITED
NSE:KAYNES,NSE,KAYNES,NSE:KAYNES-EQ,INE918Z01012,KAYNES TECHNOLOGY IND LTD
NSE:KCP,NSE,KCP,NSE:KCP-EQ,INE805C01028,KCP LTD
NSE:KCPSUGIND,NSE,KCPSUGIND,NSE:KCPSUGIND-BE,INE790B01024,KCPSUGARINDUS
NSE:KDDL,NSE,KDDL,NSE:KDDL-EQ,INE291D01011,KDDL LIMITED
NSE:KDGREEN,NSE,KDGREEN,NSE:KDGREEN-EQ,INE348N01042,KD GREEN INDUSTRIES LTD
NSE:KEC,NSE,KEC,NSE:KEC-EQ,INE389H01022,KEC INTL. LIMITED
NSE:KECL,NSE,KECL,NSE:KECL-EQ,INE134B01017,KIRLOSKAR ELECTRIC CO LTD
NSE:KEEPLEARN,NSE,KEEPLEARN,NSE:KEEPLEARN-EQ,INE055C01020,DSJ KEEP LEARNING LTD
NSE:KEI,NSE,KEI,NSE:KEI-EQ,INE878B01027,KEI INDUSTRIES LTD.
NSE:KELLTONTEC,NSE,KELLTONTEC,NSE:KELLTONTEC-EQ,INE164B01030,KELLTON TECH SOL LTD
NSE:KENNAMET,NSE,KENNAMET,NSE:KENNAMET-EQ,INE717A01029,KENNAMETAL INDIA LIMITED
NSE:KERNEX,NSE,KERNEX,NSE:KERNEX-EQ,INE202H01019,KERNEX MICROSYS(I) LTD
NSE:KESORAMIND,NSE,KESORAMIND,NSE:KESORAMIND-EQ,INE087A01019,KESORAM INDUSTRIES LTD
NSE:KEYFINSERV,NSE,KEYFINSERV,NSE:KEYFINSERV-EQ,INE681C01015,KEYNOTE FIN SERV LTD.
NSE:KFINTECH,NSE,KFINTECH,NSE:KFINTECH-EQ,INE138Y01010,KFIN TECHNOLOGIES LIMITED
NSE:KHADIM,NSE,KHADIM,NSE:KHADIM-BE,INE834I01025,KHADIM INDIA LIMITED
NSE:KHAICHEM,NSE,KHAICHEM,NSE:KHAICHEM-EQ,INE745B01028,KHAITAN CHEM & FERT LTD
NSE:KHAITANLTD,NSE,KHAITANLTD,NSE:KHAITANLTD-EQ,INE731C01018,KHAITAN (INDIA)LTD.
NSE:KHANDSE,NSE,KHANDSE,NSE:KHANDSE-EQ,INE060B01014,KHANDWALA SECURITIES LTD
NSE:KICL,NSE,KICL,NSE:KICL-EQ,INE029L01018,KALYANI INVEST CO LTD
NSE:KILITCH,NSE,KILITCH,NSE:KILITCH-EQ,INE729D01010,KILITCH DRUGS INDIA LTD
NSE:KIMS,NSE,KIMS,NSE:KIMS-EQ,INE967H01025,KRISHNA INST OF MED SCI L
NSE:KINGFA,NSE,KINGFA,NSE:KINGFA-EQ,INE473D01015,KINGFA SCI & TEC IND LTD.
NSE:KIOCL,NSE,KIOCL,NSE:KIOCL-EQ,INE880L01014,KIOCL LIMITED
NSE:KIRANVYPAR,NSE,KIRANVYPAR,NSE:KIRANVYPAR-EQ,INE555P01013,KIRAN VYAPAR LTD.
NSE:KIRIINDUS,NSE,KIRIINDUS,NSE:KIRIINDUS-EQ,INE415I01015,KIRI INDUSTRIES LIMITED
NSE:KIRLFER,NSE,KIRLFER,NSE:KIRLFER-EQ,INE884B01025,KIRLOSKAR FERROUS IND LTD
NSE:KIRLOSBROS,NSE,KIRLOSBROS,NSE:KIRLOSBROS-EQ,INE732A01036,KIRLOSKAR BROTHERS LTD
NSE:KIRLOSENG,NSE,KIRLOSENG,NSE:KIRLOSENG-EQ,INE146L01010,KIRLOSKAR OIL ENG LTD
NSE:KIRLOSIND,NSE,KIRLOSIND,NSE:KIRLOSIND-EQ,INE250A01039,KIRLOSKAR INDUSTRIES LTD
NSE:KIRLPNU,NSE,KIRLPNU,NSE:KIRLPNU-EQ,INE811A01038,KIRLOSKAR PNEUMATIC COM L
NSE:KISSHT,NSE,KISSHT,NSE:KISSHT-EQ,INE12F801023,ONEMI TECHNOLOGY SOL LTD
NSE:KITEX,NSE,KITEX,NSE:KITEX-EQ,INE602G01020,KITEX GARMENTS LTD
NSE:KJMCFIN,NSE,KJMCFIN,NSE:KJMCFIN-EQ,INE533C01018,K J M C FINANCIAL SERV L
NSE:KKCL,NSE,KKCL,NSE:KKCL-EQ,INE401H01017,KEWAL KIRAN CLOTHING LTD
NSE:KLBRENG-B,NSE,KLBRENG-B,NSE:KLBRENG-B-EQ,INE338F01015,KILBURN ENGINEERING LTD.
NSE:KMCSHIL,NSE,KMCSHIL,NSE:KMCSHIL-EQ,INE879K01018,K M C SPECIALITY HOSP I L
NSE:KMEW,NSE,KMEW,NSE:KMEW-EQ,INE0CJD01029,KNOWLEDGE MARINE & EN W L
NSE:KMSUGAR,NSE,KMSUGAR,NSE:KMSUGAR-BE,INE157H01023,K M SUGAR MILLS LTD
NSE:KNACK,NSE,KNACK,NSE:KNACK-EQ,INE17QZ01016,KNACK PACKAGING LIMITED
NSE:KNAGRI,NSE,KNAGRI,NSE:KNAGRI-EQ,INE0KNW01016,KN AGRI RESOURCES LIMITED
NSE:KNRCON,NSE,KNRCON,NSE:KNRCON-EQ,INE634I01029,KNR CONSTRU LTD.
NSE:KOHINOOR,NSE,KOHINOOR,NSE:KOHINOOR-EQ,INE080B01012,KOHINOOR FOODS LIMITED
NSE:KOKUYOCMLN,NSE,KOKUYOCMLN,NSE:KOKUYOCMLN-EQ,INE760A01029,KOKUYO CAMLIN LIMITED
NSE:KOLTEPATIL,NSE,KOLTEPATIL,NSE:KOLTEPATIL-EQ,INE094I01018,KOLTE PATIL DEV. LTD.
NSE:KOPRAN,NSE,KOPRAN,NSE:KOPRAN-EQ,INE082A01010,KOPRAN LTD
NSE:KOTAKBANK,NSE,KOTAKBANK,NSE:KOTAKBANK-EQ,INE237A01036,KOTAK MAHINDRA BANK LTD
NSE:KOTARISUG,NSE,KOTARISUG,NSE:KOTARISUG-BE,INE419A01022,KOTHARI SUG & CHEM LTD.
NSE:KOTHARIPET,NSE,KOTHARIPET,NSE:KOTHARIPET-EQ,INE720A01015,KOTHARI PETROCHEM LTD
NSE:KOTHARIPRO,NSE,KOTHARIPRO,NSE:KOTHARIPRO-EQ,INE823A01017,KOTHARI PRODUCTS LTD
NSE:KOTIC,NSE,KOTIC,NSE:KOTIC-EQ,INE972A01020,KOTHARI INDUSTRIAL CORP L
NSE:KOTYARK,NSE,KOTYARK,NSE:KOTYARK-EQ,INE0J0B01017,KOTYARK INDUSTRIES LTD
NSE:KOVAI,NSE,KOVAI,NSE:KOVAI-EQ,INE177F01017,KOVAI MEDICAL CENTER & HO
NSE:KPEL,NSE,KPEL,NSE:KPEL-EQ,INE127T01021,K.P. ENERGY LIMITED
NSE:KPIGREEN,NSE,KPIGREEN,NSE:KPIGREEN-EQ,INE542W01025,KPI GREEN ENERGY LIMITED
NSE:KPIL,NSE,KPIL,NSE:KPIL-EQ,INE220B01022,KALPATARU PROJECT INT LTD
NSE:KPITTECH,NSE,KPITTECH,NSE:KPITTECH-EQ,INE04I401011,KPIT TECHNOLOGIES LIMITED
NSE:KPL,NSE,KPL,NSE:KPL-EQ,INE552U01010,KWALITY PHARMACEUTICALS L
NSE:KPRMILL,NSE,KPRMILL,NSE:KPRMILL-EQ,INE930H01031,KPR MILL LTD.
NSE:KRBL,NSE,KRBL,NSE:KRBL-EQ,INE001B01026,KRBL LIMITED
NSE:KREBSBIO,NSE,KREBSBIO,NSE:KREBSBIO-EQ,INE268B01013,KREBS BIOCHEMICALS & IND
NSE:KRIDHANINF,NSE,KRIDHANINF,NSE:KRIDHANINF-EQ,INE524L01026,KRIDHAN INFRA LIMITED
NSE:KRISHANA,NSE,KRISHANA,NSE:KRISHANA-EQ,INE506W01020,KRISHANA PHOSCHEM LIMITED
NSE:KRISHIVAL,NSE,KRISHIVAL,NSE:KRISHIVAL-EQ,INE0GGO01015,KRISHIVAL FOODS LIMITED
NSE:KRISHNADEF,NSE,KRISHNADEF,NSE:KRISHNADEF-EQ,INE0J5601015,KRISHNA DEF AND ALD IND L
NSE:KRITI,NSE,KRITI,NSE:KRITI-EQ,INE479D01038,KRITI INDUSTRIES IND LTD
NSE:KRITIKA,NSE,KRITIKA,NSE:KRITIKA-EQ,INE00Z501029,KRITIKA WIRES LIMITED
NSE:KRITINUT,NSE,KRITINUT,NSE:KRITINUT-EQ,INE798K01010,KRITI NUTRIENTS LIMITED
NSE:KRN,NSE,KRN,NSE:KRN-EQ,INE0Q3J01015,KRN HEAT EXCHANGE N REF L
NSE:KRONOX,NSE,KRONOX,NSE:KRONOX-BE,INE0ATZ01017,KRONOX LAB SCIENCES LTD
NSE:KROSS,NSE,KROSS,NSE:KROSS-EQ,INE0O6601022,KROSS LIMITED
NSE:KRSNAA,NSE,KRSNAA,NSE:KRSNAA-EQ,INE08LI01020,KRSNAA DIAGNOSTICS LTD
NSE:KRYSTAL,NSE,KRYSTAL,NSE:KRYSTAL-EQ,INE0QN801017,KRYSTAL INTEGRATED SER L
NSE:KSB,NSE,KSB,NSE:KSB-EQ,INE999A01023,KSB LIMITED
NSE:KSCL,NSE,KSCL,NSE:KSCL-EQ,INE455I01029,KAVERI SEED CO. LTD.
NSE:KSE,NSE,KSE,NSE:KSE-EQ,INE953E01022,KSE LTD.
NSE:KSHINTL,NSE,KSHINTL,NSE:KSHINTL-EQ,INE987S01020,KSH INTERNATIONAL LIMITED
NSE:KSHITIJPOL,NSE,KSHITIJPOL,NSE:KSHITIJPOL-BE,INE013801027,KSHITIJ POLYLINE LIMITED
NSE:KSL,NSE,KSL,NSE:KSL-EQ,INE907A01026,KALYANI STEELS LIMITED
NSE:KSOLVES,NSE,KSOLVES,NSE:KSOLVES-EQ,INE0D6I01023,KSOLVES INDIA LIMITED
NSE:KSR,NSE,KSR,NSE:KSR-BE,INE1SPP01016,KSR FOOTWEAR LIMITED
NSE:KTKBANK,NSE,KTKBANK,NSE:KTKBANK-EQ,INE614B01018,KARNATAKA BANK LIMITED
NSE:KUANTUM,NSE,KUANTUM,NSE:KUANTUM-EQ,INE529I01021,KUANTUM PAPERS LIMITED
NSE:KUSUMGAR,NSE,KUSUMGAR,NSE:KUSUMGAR-EQ,INE0ISX01025,KUSUMGAR LIMITED
NSE:KWIL,NSE,KWIL,NSE:KWIL-EQ,INE2KCE01013,KWALITY WALL'S (INDIA) L
NSE:LADDERUP,NSE,LADDERUP,NSE:LADDERUP-BE,INE519D01015,LADDERUP FINANCE LTD.
NSE:LAGNAM,NSE,LAGNAM,NSE:LAGNAM-EQ,INE548Z01017,LAGNAM SPINTEX LIMITED
NSE:LAHOTIOV,NSE,LAHOTIOV,NSE:LAHOTIOV-EQ,INE515C01023,LAHOTI OVERSEAS LTD.
NSE:LAKSHMIMIL,NSE,LAKSHMIMIL,NSE:LAKSHMIMIL-EQ,INE938C01019,LAKSHMI MILLS CO. LTD.
NSE:LAL,NSE,LAL,NSE:LAL-EQ,INE740X01023,LORENZINI APPARELS LTD
NSE:LALITHAA,NSE,LALITHAA,NSE:LALITHAA-EQ,INE0K9O01026,LALITHAA JEWELLERY MART L
NSE:LALPATHLAB,NSE,LALPATHLAB,NSE:LALPATHLAB-EQ,INE600L01024,DR. LAL PATH LABS LTD.
NSE:LAMBODHARA,NSE,LAMBODHARA,NSE:LAMBODHARA-EQ,INE112F01022,LAMBODHARA TEXTILES LTD.
NSE:LANCER,NSE,LANCER,NSE:LANCER-EQ,INE359U01028,LANCER CONTAINER LINES L
NSE:LANCORHOL,NSE,LANCORHOL,NSE:LANCORHOL-BE,INE572G01025,LANCOR HOLDINGS LIMITED
NSE:LANDMARK,NSE,LANDMARK,NSE:LANDMARK-EQ,INE559R01029,LANDMARK CARS LIMITED
NSE:LANDSMILL,NSE,LANDSMILL,NSE:LANDSMILL-BE,INE688J01023,LANDSMILL GREEN LIMITED
NSE:LAOPALA,NSE,LAOPALA,NSE:LAOPALA-EQ,INE059D01020,LA OPALA RG LIMITED
NSE:LASERPOWER,NSE,LASERPOWER,NSE:LASERPOWER-EQ,INE17IR01028,LASER POWER & INFRA LTD
NSE:LATENTVIEW,NSE,LATENTVIEW,NSE:LATENTVIEW-EQ,INE0I7C01011,LATENT VIEW ANALYTICS LTD
NSE:LATTEYS,NSE,LATTEYS,NSE:LATTEYS-EQ,INE262Z01023,LATTEYS INDUSTRIES LTD
NSE:LAURUSLABS,NSE,LAURUSLABS,NSE:LAURUSLABS-EQ,INE947Q01028,LAURUS LABS LIMITED
NSE:LAXMICOT,NSE,LAXMICOT,NSE:LAXMICOT-EQ,INE801V01019,LAXMI COTSPIN LIMITED
NSE:LAXMIDENTL,NSE,LAXMIDENTL,NSE:LAXMIDENTL-EQ,INE0WO601020,LAXMI DENTAL LIMITED
NSE:LAXMIINDIA,NSE,LAXMIINDIA,NSE:LAXMIINDIA-EQ,INE06WU01026,LAXMI INDIA FINANCE LTD
NSE:LCCINFOTEC,NSE,LCCINFOTEC,NSE:LCCINFOTEC-BE,INE938A01021,LCC INFOTECH LTD
NSE:LCCPROJECT,NSE,LCCPROJECT,NSE:LCCPROJECT-EQ,INE1FPN01026,LCC PROJECTS LIMITED
NSE:LCL,NSE,LCL,NSE:LCL-EQ,INE0QJW01029,LOHIA CORP LIMITED
NSE:LEAPIND,NSE,LEAPIND,NSE:LEAPIND-EQ,INE00GO01025,LEAP INDIA LIMITED
NSE:LEENEE,NSE,LEENEE,NSE:LEENEE-BE,INE791B01014,LEE & NEE SOFTWARES (E) L
NSE:LEMERITE,NSE,LEMERITE,NSE:LEMERITE-EQ,INE0G1L01025,LE MERITE EXPORTS LIMITED
NSE:LEMONTREE,NSE,LEMONTREE,NSE:LEMONTREE-EQ,INE970X01018,LEMON TREE HOTELS LTD
NSE:LENSKART,NSE,LENSKART,NSE:LENSKART-EQ,INE956O01016,LENSKART SOLUTIONS LTD
NSE:LEXUS,NSE,LEXUS,NSE:LEXUS-EQ,INE500X01013,LEXUS GRANITO (INDIA) LTD
NSE:LFIC,NSE,LFIC,NSE:LFIC-EQ,INE850E01012,LAKSHMI FIN IND CORP LTD
NSE:LGBBROSLTD,NSE,LGBBROSLTD,NSE:LGBBROSLTD-EQ,INE337A01034,LG BALAKRISHNAN & BROS
NSE:LGEINDIA,NSE,LGEINDIA,NSE:LGEINDIA-EQ,INE324D01010,LG ELECTRONICS INDIA LTD
NSE:LGHL,NSE,LGHL,NSE:LGHL-EQ,INE258Y01016,LAXMI GOLDORNA HOUSE LTD
NSE:LIBAS,NSE,LIBAS,NSE:LIBAS-EQ,INE908V01012,LIBAS CONSU PRODUCTS LTD
NSE:LIBERTSHOE,NSE,LIBERTSHOE,NSE:LIBERTSHOE-EQ,INE557B01019,LIBERTY SHOES LTD
NSE:LICHSGFIN,NSE,LICHSGFIN,NSE:LICHSGFIN-EQ,INE115A01026,LIC HOUSING FINANCE LTD
NSE:LICI,NSE,LICI,NSE:LICI-EQ,INE0J1Y01017,LIFE INSURA CORP OF INDIA
NSE:LIKHITHA,NSE,LIKHITHA,NSE:LIKHITHA-EQ,INE060901027,LIKHITHA INFRASTRUC LTD
NSE:LINC,NSE,LINC,NSE:LINC-EQ,INE802B01027,LINC LIMITED
NSE:LINCOLN,NSE,LINCOLN,NSE:LINCOLN-EQ,INE405C01035,LINCOLN PHARMA LTD
NSE:LINDEINDIA,NSE,LINDEINDIA,NSE:LINDEINDIA-EQ,INE473A01011,LINDE INDIA LIMITED
NSE:LKPSEC,NSE,LKPSEC,NSE:LKPSEC-EQ,INE341H01023,L K P SECURITIES LTD.
NSE:LLOYDSENGG,NSE,LLOYDSENGG,NSE:LLOYDSENGG-EQ,INE093R01011,LLOYDS ENGG WORK LIMITED
NSE:LLOYDSENT,NSE,LLOYDSENT,NSE:LLOYDSENT-EQ,INE080I01025,LLOYDS ENTERPRISES LTD
NSE:LLOYDSME,NSE,LLOYDSME,NSE:LLOYDSME-EQ,INE281B01032,LLOYDS METALS N ENERGY L
NSE:LMW,NSE,LMW,NSE:LMW-EQ,INE269B01029,LMW LIMITED
NSE:LODHA,NSE,LODHA,NSE:LODHA-EQ,INE670K01029,LODHA DEVELOPERS LIMITED
NSE:LOKESHMACH,NSE,LOKESHMACH,NSE:LOKESHMACH-EQ,INE397H01017,LOKESH MACHINES LTD
NSE:LORDSCHLO,NSE,LORDSCHLO,NSE:LORDSCHLO-EQ,INE846D01012,LORDS CHLORO ALKALI LTD
NSE:LOTUSCHO,NSE,LOTUSCHO,NSE:LOTUSCHO-EQ,INE026D01011,LOTUS CHOCOLATE CO. LTD.
NSE:LOTUSDEV,NSE,LOTUSDEV,NSE:LOTUSDEV-BE,INE0V9Q01010,SRI LOTUS DEVLPRS N RTY L
NSE:LOTUSEYE,NSE,LOTUSEYE,NSE:LOTUSEYE-EQ,INE947I01017,LOTUS EYE HOSP & INST L
NSE:LOVABLE,NSE,LOVABLE,NSE:LOVABLE-EQ,INE597L01014,LOVABLE LINGERIE LTD
NSE:LOYALTEX,NSE,LOYALTEX,NSE:LOYALTEX-EQ,INE970D01010,LOYAL TEXTILE MILLS LTD
NSE:LPDC,NSE,LPDC,NSE:LPDC-EQ,INE197J01017,LANDMARK PR.DEV.CO.LTD
NSE:LT,NSE,LT,NSE:LT-EQ,INE018A01030,LARSEN & TOUBRO LTD.
NSE:LTF,NSE,LTF,NSE:LTF-EQ,INE498L01015,L&T FINANCE LIMITED
NSE:LTFOODS,NSE,LTFOODS,NSE:LTFOODS-EQ,INE818H01020,LT FOODS LIMITED
NSE:LTM,NSE,LTM,NSE:LTM-EQ,INE214T01019,LTM LIMITED
NSE:LTTS,NSE,LTTS,NSE:LTTS-EQ,INE010V01017,L&T TECHNOLOGY SER. LTD.
NSE:LUMAXIND,NSE,LUMAXIND,NSE:LUMAXIND-EQ,INE162B01018,LUMAX INDUSTRIES LTD
NSE:LUMAXTECH,NSE,LUMAXTECH,NSE:LUMAXTECH-EQ,INE872H01027,LUMAX AUTO TECH LTD
NSE:LUMINO,NSE,LUMINO,NSE:LUMINO-EQ,INE185Q01025,LUMINO INDUSTRIES LIMITED
NSE:LUPIN,NSE,LUPIN,NSE:LUPIN-EQ,INE326A01037,LUPIN LIMITED
NSE:LUXIND,NSE,LUXIND,NSE:LUXIND-EQ,INE150G01020,LUX INDUSTRIES LIMITED
NSE:LXCHEM,NSE,LXCHEM,NSE:LXCHEM-EQ,INE576O01020,LAXMI ORGANIC INDUS LTD
NSE:LYKALABS,NSE,LYKALABS,NSE:LYKALABS-BE,INE933A01014,LYKA LABS LTD.
NSE:M&M,NSE,M&M,NSE:M&M-EQ,INE101A01026,MAHINDRA & MAHINDRA LTD
NSE:M&MFIN,NSE,M&MFIN,NSE:M&MFIN-EQ,INE774D01024,M&M FIN. SERVICES LTD
NSE:MAANALU,NSE,MAANALU,NSE:MAANALU-EQ,INE215I01027,MAAN ALUMINIUM LIMITED
NSE:MACPOWER,NSE,MACPOWER,NSE:MACPOWER-EQ,INE155Z01011,MACPOWER CNC MACHINES LTD
NSE:MADHAV,NSE,MADHAV,NSE:MADHAV-EQ,INE925C01016,MADHAV MARBLE & GRANITE
NSE:MADHAVIPL,NSE,MADHAVIPL,NSE:MADHAVIPL-EQ,INE631R01026,MADHAV INFRA PROJECTS L
NSE:MADHUCON,NSE,MADHUCON,NSE:MADHUCON-EQ,INE378D01032,MADHUCON PROJECTS LTD.
NSE:MADRASFERT,NSE,MADRASFERT,NSE:MADRASFERT-EQ,INE414A01015,MADRAS FERTILISERS LTD
NSE:MAFATIND,NSE,MAFATIND,NSE:MAFATIND-EQ,INE270B01035,MAFATLAL INDUSTRIES LTD.
NSE:MAGADSUGAR,NSE,MAGADSUGAR,NSE:MAGADSUGAR-EQ,INE347W01011,MAGADH SUGAR & ENERGY LTD
NSE:MAGNUM,NSE,MAGNUM,NSE:MAGNUM-EQ,INE387I01016,MAGNUM VENTURES LTD.
NSE:MAHABANK,NSE,MAHABANK,NSE:MAHABANK-EQ,INE457A01014,BANK OF MAHARASHTRA
NSE:MAHAPEXLTD,NSE,MAHAPEXLTD,NSE:MAHAPEXLTD-EQ,INE843B01013,MAHA RASHTRA APEX COPR. L
NSE:MAHASTEEL,NSE,MAHASTEEL,NSE:MAHASTEEL-BE,INE451L01014,MAHAMAYA STEEL INDS LTD
NSE:MAHEPC,NSE,MAHEPC,NSE:MAHEPC-EQ,INE215D01010,MAHINDRA EPC IRRIG LTD
NSE:MAHESHWARI,NSE,MAHESHWARI,NSE:MAHESHWARI-EQ,INE263W01010,MAHESHWARI LOGISTICS LTD.
NSE:MAHLIFE,NSE,MAHLIFE,NSE:MAHLIFE-EQ,INE813A01018,MAHINDRA LIFESPACE DEVLTD
NSE:MAHLOG,NSE,MAHLOG,NSE:MAHLOG-EQ,INE766P01016,MAHINDRA LOGISTIC LIMITED
NSE:MAHSCOOTER,NSE,MAHSCOOTER,NSE:MAHSCOOTER-EQ,INE288A01013,MAHARASHTRA SCOOTERS LTD
NSE:MAHSEAMLES,NSE,MAHSEAMLES,NSE:MAHSEAMLES-EQ,INE271B01025,MAHARASHTRA SEAMLESS LTD
NSE:MAITHANALL,NSE,MAITHANALL,NSE:MAITHANALL-EQ,INE683C01011,MAITHAN ALLOYS LTD
NSE:MAJESAUT,NSE,MAJESAUT,NSE:MAJESAUT-BE,INE201B01022,MAJESTIC AUTO LTD.
NSE:MAKERSL,NSE,MAKERSL,NSE:MAKERSL-EQ,INE987A01010,MAKERS LABORATORIES LTD.
NSE:MALLCOM,NSE,MALLCOM,NSE:MALLCOM-EQ,INE389C01015,MALLCOM (INDIA) LIMITED
NSE:MALUPAPER,NSE,MALUPAPER,NSE:MALUPAPER-EQ,INE383H01017,MALU PAPER MILLS LIMITED
NSE:MAMATA,NSE,MAMATA,NSE:MAMATA-EQ,INE0TO701015,MAMATA MACHINERY LIMITED
NSE:MANAKALUCO,NSE,MANAKALUCO,NSE:MANAKALUCO-EQ,INE859Q01017,MANAK ALUMINIUM CO. LTD.
NSE:MANAKCOAT,NSE,MANAKCOAT,NSE:MANAKCOAT-EQ,INE830Q01018,MAN COAT METAL & IND LTD
NSE:MANAKSIA,NSE,MANAKSIA,NSE:MANAKSIA-EQ,INE015D01022,MANAKSIA LTD.
NSE:MANAKSTEEL,NSE,MANAKSTEEL,NSE:MANAKSTEEL-BE,INE824Q01011,MANAKSIA STEELS LTD
NSE:MANALIPETC,NSE,MANALIPETC,NSE:MANALIPETC-EQ,INE201A01024,MANALI PETROCHEMICALS LT
NSE:MANAPPURAM,NSE,MANAPPURAM,NSE:MANAPPURAM-EQ,INE522D01027,MANAPPURAM FINANCE LTD
NSE:MANBA,NSE,MANBA,NSE:MANBA-EQ,INE939X01013,MANBA FINANCE LIMITED
NSE:MANCREDIT,NSE,MANCREDIT,NSE:MANCREDIT-EQ,INE545L01039,MANGAL CREDIT N FINCORP L
NSE:MANGALAM,NSE,MANGALAM,NSE:MANGALAM-EQ,INE584F01014,MANGALAM DRUG & CHEM LTD
NSE:MANGLMCEM,NSE,MANGLMCEM,NSE:MANGLMCEM-EQ,INE347A01017,MANGALAM CEMENT LTD
NSE:MANIKA,NSE,MANIKA,NSE:MANIKA-EQ,INE0KWF01020,MANIKA PLASTECH LIMITED
NSE:MANINDS,NSE,MANINDS,NSE:MANINDS-EQ,INE993A01026,MAN INDUSTRIES (I) LTD.
NSE:MANINFRA,NSE,MANINFRA,NSE:MANINFRA-EQ,INE949H01023,MAN INFRA LTD
NSE:MANIPALHOS,NSE,MANIPALHOS,NSE:MANIPALHOS-EQ,INE459N01021,MANIPAL HEALTH ENTERPRI L
NSE:MANKIND,NSE,MANKIND,NSE:MANKIND-EQ,INE634S01028,MANKIND PHARMA LIMITED
NSE:MANOMAY,NSE,MANOMAY,NSE:MANOMAY-EQ,INE784W01015,MANOMAY TEX INDIA LTD
NSE:MANORAMA,NSE,MANORAMA,NSE:MANORAMA-EQ,INE00VM01036,MANORAMA INDUSTRIES LTD
NSE:MANORG,NSE,MANORG,NSE:MANORG-EQ,INE370D01013,MANGALAM ORGANICS LIMITED
NSE:MANUGRAPH,NSE,MANUGRAPH,NSE:MANUGRAPH-BE,INE867A01022,MANUGRAPH INDIA LIMITED
NSE:MANYAVAR,NSE,MANYAVAR,NSE:MANYAVAR-EQ,INE825V01034,VEDANT FASHIONS LIMITED
NSE:MAPMYINDIA,NSE,MAPMYINDIA,NSE:MAPMYINDIA-EQ,INE0BV301023,C.E. INFO SYSTEMS LIMITED
NSE:MARALOVER,NSE,MARALOVER,NSE:MARALOVER-EQ,INE882A01013,MARAL OVERSEAS LTD
NSE:MARATHON,NSE,MARATHON,NSE:MARATHON-EQ,INE182D01020,MARATHON NXTGEN REALT LTD
NSE:MARICO,NSE,MARICO,NSE:MARICO-EQ,INE196A01026,MARICO LIMITED
NSE:MARINE,NSE,MARINE,NSE:MARINE-EQ,INE01JE01028,MARINE ELECTRICAL (I) LTD
NSE:MARKOLINES,NSE,MARKOLINES,NSE:MARKOLINES-EQ,INE0FW001016,MARKOLINES PAVEMENT TEC L
NSE:MARKSANS,NSE,MARKSANS,NSE:MARKSANS-EQ,INE750C01026,MARKSANS PHARMA LIMITED
NSE:MARSONS,NSE,MARSONS,NSE:MARSONS-EQ,INE415B01044,MARSONS LIMITED
NSE:MARUTI,NSE,MARUTI,NSE:MARUTI-EQ,INE585B01010,MARUTI SUZUKI INDIA LTD.
NSE:MASFIN,NSE,MASFIN,NSE:MASFIN-EQ,INE348L01012,MAS FINANCIAL SERV LTD
NSE:MASKINVEST,NSE,MASKINVEST,NSE:MASKINVEST-EQ,INE885F01015,MASK INVESTMENTS LIMITED
NSE:MASTEK,NSE,MASTEK,NSE:MASTEK-EQ,INE759A01021,MASTEK LTD
NSE:MASTERTR,NSE,MASTERTR,NSE:MASTERTR-EQ,INE677D01037,MASTER TRUST LIMITED
NSE:MATRIMONY,NSE,MATRIMONY,NSE:MATRIMONY-EQ,INE866R01028,MATRIMONY.COM LIMITED
NSE:MAWANASUG,NSE,MAWANASUG,NSE:MAWANASUG-EQ,INE636A01039,MAWANA SUGARS LIMITED
NSE:MAXESTATES,NSE,MAXESTATES,NSE:MAXESTATES-EQ,INE03EI01018,MAX ESTATES LIMITED
NSE:MAXHEALTH,NSE,MAXHEALTH,NSE:MAXHEALTH-EQ,INE027H01010,MAX HEALTHCARE INS LTD
NSE:MAXIND,NSE,MAXIND,NSE:MAXIND-EQ,INE0CG601016,MAX INDIA LIMITED
NSE:MAYURUNIQ,NSE,MAYURUNIQ,NSE:MAYURUNIQ-EQ,INE040D01038,MAYUR UNIQUOTERS LTD
NSE:MAZDA,NSE,MAZDA,NSE:MAZDA-BE,INE885E01042,MAZDA LIMITED
NSE:MAZDOCK,NSE,MAZDOCK,NSE:MAZDOCK-EQ,INE249Z01020,MAZAGON DOCK SHIPBUIL LTD
NSE:MBAPL,NSE,MBAPL,NSE:MBAPL-EQ,INE900L01028,MADHYA BHARAT AGRO P. LTD
NSE:MBECL,NSE,MBECL,NSE:MBECL-BE,INE748A01024,MCNALLY BHARAT ENGIN CO L
NSE:MBEL,NSE,MBEL,NSE:MBEL-EQ,INE08N601015,M AND B ENGINEERING LTD
NSE:MBLINFRA,NSE,MBLINFRA,NSE:MBLINFRA-EQ,INE912H01013,MBL INFRASTRUCTURE LTD
NSE:MCCHRLS-B,NSE,MCCHRLS-B,NSE:MCCHRLS-B-EQ,INE435D01014,MAC CHARLES (INDIA) LTD.
NSE:MCL,NSE,MCL,NSE:MCL-EQ,INE813V01022,M TEK COPPER LIMITED
NSE:MCLEODRUSS,NSE,MCLEODRUSS,NSE:MCLEODRUSS-EQ,INE942G01012,MCLEOD RUSSEL INDIA LTD.
NSE:MCLOUD,NSE,MCLOUD,NSE:MCLOUD-EQ,INE613C01026,MAGELLANIC CLOUD LIMITED
NSE:MCX,NSE,MCX,NSE:MCX-EQ,INE745G01043,MULTI COMMODITY EXCHANGE
NSE:MEDANTA,NSE,MEDANTA,NSE:MEDANTA-EQ,INE474Q01031,GLOBAL HEALTH LIMITED
NSE:MEDIASSIST,NSE,MEDIASSIST,NSE:MEDIASSIST-EQ,INE456Z01021,MEDI ASSIST HEALTH SER L
NSE:MEDICAMEQ,NSE,MEDICAMEQ,NSE:MEDICAMEQ-BE,INE646B01010,MEDICAMEN BIOTECH LIMITED
NSE:MEDICAPQ,NSE,MEDICAPQ,NSE:MEDICAPQ-BE,INE442D01010,MEDI CAPS LTD.
NSE:MEDICO,NSE,MEDICO,NSE:MEDICO-EQ,INE630Y01024,MEDICO REMEDIES LIMITED
NSE:MEDPLUS,NSE,MEDPLUS,NSE:MEDPLUS-EQ,INE804L01022,MEDPLUS HEALTH SERV LTD
NSE:MEESHO,NSE,MEESHO,NSE:MEESHO-EQ,INE0VDM01015,MEESHO LIMITED
NSE:MEGASTAR,NSE,MEGASTAR,NSE:MEGASTAR-EQ,INE00EM01016,MEGASTAR FOODS LIMITED
NSE:MEIL,NSE,MEIL,NSE:MEIL-EQ,INE0PKD01011,MANGAL ELECTRICAL IND L
NSE:MENNPIS,NSE,MENNPIS,NSE:MENNPIS-BE,INE650G01029,MENON PISTONS LTD.
NSE:MENONBE,NSE,MENONBE,NSE:MENONBE-EQ,INE071D01033,MENON BEARINGS LIMITED
NSE:MERCANTILE,NSE,MERCANTILE,NSE:MERCANTILE-EQ,INE689O01013,MERCANTILE VENTURES LTD.
NSE:MERCURYEV,NSE,MERCURYEV,NSE:MERCURYEV-EQ,INE763M01028,MERCURY EV-TECH LIMITED
NSE:METROBRAND,NSE,METROBRAND,NSE:METROBRAND-EQ,INE317I01021,METRO BRANDS LIMITED
NSE:METROGLOBL,NSE,METROGLOBL,NSE:METROGLOBL-EQ,INE085D01033,METROGLOBAL LTD.
NSE:METROPOLIS,NSE,METROPOLIS,NSE:METROPOLIS-EQ,INE112L01020,METROPOLIS HEALTHCARE LTD
NSE:MFML,NSE,MFML,NSE:MFML-EQ,INE0US801024,MAHALAXMI FABRIC MILLS LT
NSE:MFSL,NSE,MFSL,NSE:MFSL-EQ,INE180A01020,MAX FINANCIAL SERV LTD
NSE:MGEL,NSE,MGEL,NSE:MGEL-EQ,INE0APB01032,MANGALAM GLOBAL ENT LTD
NSE:MGL,NSE,MGL,NSE:MGL-EQ,INE002S01010,MAHANAGAR GAS LTD.
NSE:MHLXMIRU,NSE,MHLXMIRU,NSE:MHLXMIRU-BE,INE112D01035,MAHALAXMI RUBTECH LIMITED
NSE:MHRIL,NSE,MHRIL,NSE:MHRIL-EQ,INE998I01010,MAHINDRA HOLIDAYS LTD
NSE:MICEL,NSE,MICEL,NSE:MICEL-BE,INE287C01037,MIC ELECTRONICS LTD
NSE:MIDHANI,NSE,MIDHANI,NSE:MIDHANI-EQ,INE099Z01011,MISHRA DHATU NIGAM LTD
NSE:MIDWESTLTD,NSE,MIDWESTLTD,NSE:MIDWESTLTD-EQ,INE0XAD01024,MIDWEST LIMITED
NSE:MIIL,NSE,MIIL,NSE:MIIL-EQ,INE898Q01015,MEGHNA INFRACON INFRA L
NSE:MILKYMIST,NSE,MILKYMIST,NSE:MILKYMIST-BE,INE00IT01020,MILKY MIST DAIRY FOOD L
NSE:MINALIND,NSE,MINALIND,NSE:MINALIND-BE,INE097E01028,MINAL INDUSTRIES LTD.
NSE:MINDACORP,NSE,MINDACORP,NSE:MINDACORP-EQ,INE842C01021,MINDA CORPORATION LTD
NSE:MINDTECK,NSE,MINDTECK,NSE:MINDTECK-EQ,INE110B01017,MINDTECK (INDIA) LIMITED
NSE:MIRZAINT,NSE,MIRZAINT,NSE:MIRZAINT-EQ,INE771A01026,MIRZA INTERNATIONAL LIMIT
NSE:MITCON,NSE,MITCON,NSE:MITCON-EQ,INE828O01033,MITCON CON & ENG SER LTD
NSE:MITTAL,NSE,MITTAL,NSE:MITTAL-EQ,INE997Y01027,MITTAL LIFE STYLE LIMITED
NSE:MKEXIM,NSE,MKEXIM,NSE:MKEXIM-EQ,INE227F01010,M K EXIM (INDIA) LTD.
NSE:MKPL,NSE,MKPL,NSE:MKPL-EQ,INE964W01021,M K PROTEINS LIMITED
NSE:MLKFOOD,NSE,MLKFOOD,NSE:MLKFOOD-EQ,INE588G01021,MILKFOOD LTD.
NSE:MMFL,NSE,MMFL,NSE:MMFL-EQ,INE227C01017,MM FORGINGS LTD
NSE:MMP,NSE,MMP,NSE:MMP-EQ,INE511Y01018,MMP INDUSTRIES LIMITED
NSE:MMTC,NSE,MMTC,NSE:MMTC-EQ,INE123F01029,MMTC LIMITED
NSE:MMWL,NSE,MMWL,NSE:MMWL-EQ,INE200D01020,MEDIA MATRIX WORLDWIDE L
NSE:MOBIKWIK,NSE,MOBIKWIK,NSE:MOBIKWIK-EQ,INE0HLU01028,ONE MOBIKWIK SYSTEMS LTD
NSE:MODINATUR,NSE,MODINATUR,NSE:MODINATUR-EQ,INE537F01012,MODI NATURALS LIMITED
NSE:MODIRUBBER,NSE,MODIRUBBER,NSE:MODIRUBBER-EQ,INE832A01018,MODI RUBBER LTD
NSE:MODIS,NSE,MODIS,NSE:MODIS-EQ,INE0L0L01012,MODIS NAVNIRMAN LTD
NSE:MODISONLTD,NSE,MODISONLTD,NSE:MODISONLTD-BE,INE737D01021,MODISON LIMITED
NSE:MODTHREAD,NSE,MODTHREAD,NSE:MODTHREAD-EQ,INE794W01014,MODERN THREADS INDIA LTD
NSE:MOHITE,NSE,MOHITE,NSE:MOHITE-EQ,INE154B01023,MOHITE INDUSTRIES LTD.
NSE:MOHITIND,NSE,MOHITIND,NSE:MOHITIND-EQ,INE954E01012,MOHIT INDUSTRIES LTD
NSE:MOIL,NSE,MOIL,NSE:MOIL-EQ,INE490G01020,MOIL LIMITED
NSE:MOKSH,NSE,MOKSH,NSE:MOKSH-EQ,INE514Y01020,MOKSH ORNAMENTS LIMITED
NSE:MOL,NSE,MOL,NSE:MOL-EQ,INE0CT101020,MEGHMANI ORGANICS LIMITED
NSE:MOLBIO,NSE,MOLBIO,NSE:MOLBIO-EQ,INE869T01028,MOLBIO DIAGNOSTICS LTD
NSE:MOLDTECH,NSE,MOLDTECH,NSE:MOLDTECH-BE,INE835B01035,MOLD-TEK TECHNOLOGIES LTD
NSE:MOLDTKPAC,NSE,MOLDTKPAC,NSE:MOLDTKPAC-EQ,INE893J01029,MOLD-TEK PACKAGING LTD
NSE:MOMSBELIEF,NSE,MOMSBELIEF,NSE:MOMSBELIEF-EQ,INE1FCO01014,RAYS OF BELIEF LIMITED
NSE:MONARCH,NSE,MONARCH,NSE:MONARCH-EQ,INE903D01011,MONARCH NETWORTH CAP LTD
NSE:MONEYBOXX,NSE,MONEYBOXX,NSE:MONEYBOXX-BE,INE296Q01012,MONEYBOXX FINANCE LIMITED
NSE:MONEYVIEW,NSE,MONEYVIEW,NSE:MONEYVIEW-EQ,INE0PTN01011,MONEYVIEW LIMITED
NSE:MONTECARLO,NSE,MONTECARLO,NSE:MONTECARLO-EQ,INE950M01013,MONTE CARLO FASHIONS LTD.
NSE:MOREPENLAB,NSE,MOREPENLAB,NSE:MOREPENLAB-EQ,INE083A01026,MOREPEN LAB. LTD
NSE:MOSCHIP,NSE,MOSCHIP,NSE:MOSCHIP-EQ,INE935B01025,MOSCHIP TECHNOLOGIES LTD
NSE:MOTHERSON,NSE,MOTHERSON,NSE:MOTHERSON-EQ,INE775A01035,SAMVRDHNA MTHRSN INTL LTD
NSE:MOTILALOFS,NSE,MOTILALOFS,NSE:MOTILALOFS-EQ,INE338I01027,MOTILAL OSWAL FIN LTD
NSE:MOTISONS,NSE,MOTISONS,NSE:MOTISONS-EQ,INE0FRK01020,MOTISONS JEWELLERS LTD
NSE:MOTOGENFIN,NSE,MOTOGENFIN,NSE:MOTOGENFIN-EQ,INE861B01023,MOTOR & GENERAL FINANCE L
NSE:MPDL,NSE,MPDL,NSE:MPDL-BE,INE493H01014,MPDL LTD.
NSE:MPHASIS,NSE,MPHASIS,NSE:MPHASIS-EQ,INE356A01018,MPHASIS LIMITED
NSE:MPIMANIPAL,NSE,MPIMANIPAL,NSE:MPIMANIPAL-EQ,INE241U01028,MANIPAL PAYMENT & IDE S L
NSE:MPSLTD,NSE,MPSLTD,NSE:MPSLTD-EQ,INE943D01017,MPS LIMITED
NSE:MRF,NSE,MRF,NSE:MRF-EQ,INE883A01011,MRF LTD
NSE:MRPL,NSE,MRPL,NSE:MRPL-EQ,INE103A01014,MRPL
NSE:MSL,NSE,MSL,NSE:MSL-EQ,INE829S01016,MANGALAM SEEDS LTD.
NSE:MSPL,NSE,MSPL,NSE:MSPL-EQ,INE752G01015,MSP STEEL & POWER LTD.
NSE:MSTCLTD,NSE,MSTCLTD,NSE:MSTCLTD-EQ,INE255X01014,MSTC LIMITED
NSE:MSUMI,NSE,MSUMI,NSE:MSUMI-EQ,INE0FS801015,MOTHERSON SUMI WRNG IND L
NSE:MTARTECH,NSE,MTARTECH,NSE:MTARTECH-BE,INE864I01014,MTAR TECHNOLOGIES LIMITED
NSE:MTEDUCARE,NSE,MTEDUCARE,NSE:MTEDUCARE-BE,INE472M01018,MT EDUCARE LTD
NSE:MTNL,NSE,MTNL,NSE:MTNL-EQ,INE153A01019,MAHANAGAR TELEPHONE NIGAM
NSE:MUFIN,NSE,MUFIN,NSE:MUFIN-EQ,INE08KJ01020,MUFIN GREEN FINANCE LTD
NSE:MUFTI,NSE,MUFTI,NSE:MUFTI-EQ,INE220Q01020,CREDO BRANDS MARKETING L
NSE:MUKANDLTD,NSE,MUKANDLTD,NSE:MUKANDLTD-EQ,INE304A01026,MUKAND LTD.
NSE:MUKESHB,NSE,MUKESHB,NSE:MUKESHB-EQ,INE596B01017,MUKESH BABU FINANC SER L
NSE:MUKKA,NSE,MUKKA,NSE:MUKKA-BE,INE0CG401037,MUKKA PROTEINS LIMITED
NSE:MUKTAARTS,NSE,MUKTAARTS,NSE:MUKTAARTS-EQ,INE374B01019,MUKTA ARTS LIMITED
NSE:MUNJALAU,NSE,MUNJALAU,NSE:MUNJALAU-EQ,INE672B01032,MUNJAL AUTO IND. LTD.
NSE:MUNJALSHOW,NSE,MUNJALSHOW,NSE:MUNJALSHOW-EQ,INE577A01027,MUNJAL SHOWA LTD
NSE:MURUDCERA,NSE,MURUDCERA,NSE:MURUDCERA-EQ,INE692B01014,MURUDESHWAR CERAMICS LTD
NSE:MUTHOOTCAP,NSE,MUTHOOTCAP,NSE:MUTHOOTCAP-EQ,INE296G01013,MUTHOOT CAP SERV LTD
NSE:MUTHOOTFIN,NSE,MUTHOOTFIN,NSE:MUTHOOTFIN-EQ,INE414G01012,MUTHOOT FINANCE LIMITED
NSE:MUTHOOTMF,NSE,MUTHOOTMF,NSE:MUTHOOTMF-EQ,INE046W01019,MUTHOOT MICROFIN LIMITED
NSE:MVELECTRO,NSE,MVELECTRO,NSE:MVELECTRO-EQ,INE0OWZ01020,MV ELECTROSYSTEMS LIMITED
NSE:MVGJL,NSE,MVGJL,NSE:MVGJL-EQ,INE0KNT01012,MANOJ VAIBHAV GEM N JEW L
NSE:MWL,NSE,MWL,NSE:MWL-EQ,INE0JYY01029,MANGALAM WORLDWIDE LTD
NSE:MYSORPETRO,NSE,MYSORPETRO,NSE:MYSORPETRO-BE,INE741A01011,MYSORE PETRO CHEMICALS L
NSE:NACLIND,NSE,NACLIND,NSE:NACLIND-EQ,INE295D01020,NACL INDUSTRIES LIMITED
NSE:NAGREEKCAP,NSE,NAGREEKCAP,NSE:NAGREEKCAP-EQ,INE245I01016,NAGREEKA CAP & INFR.LTD
NSE:NAGREEKEXP,NSE,NAGREEKEXP,NSE:NAGREEKEXP-EQ,INE123B01028,NAGREEKA EXPORTS LTD.
NSE:NAHARCAP,NSE,NAHARCAP,NSE:NAHARCAP-EQ,INE049I01012,NAHAR CAP & FIN.
NSE:NAHARINDUS,NSE,NAHARINDUS,NSE:NAHARINDUS-EQ,INE289A01011,NAHAR INDS ENT LTD
NSE:NAHARPOLY,NSE,NAHARPOLY,NSE:NAHARPOLY-EQ,INE308A01027,NAHAR POLY FILMS LIMITED
NSE:NAHARSPING,NSE,NAHARSPING,NSE:NAHARSPING-EQ,INE290A01027,NAHAR SPINNING MILLS LTD.
NSE:NAM-INDIA,NSE,NAM-INDIA,NSE:NAM-INDIA-EQ,INE298J01013,NIPPON L I A M LTD
NSE:NARMADA,NSE,NARMADA,NSE:NARMADA-EQ,INE117Z01029,NARMADA AGROBASE LIMITED
NSE:NATCAPSUQ,NSE,NATCAPSUQ,NSE:NATCAPSUQ-BE,INE936B01015,NATURAL CAPSULES LIMITED
NSE:NATCOPHARM,NSE,NATCOPHARM,NSE:NATCOPHARM-EQ,INE987B01026,NATCO PHARMA LTD.
NSE:NATHBIOGEN,NSE,NATHBIOGEN,NSE:NATHBIOGEN-EQ,INE448G01010,NATH BIO-GENES (I) LTD
NSE:NATIONALUM,NSE,NATIONALUM,NSE:NATIONALUM-EQ,INE139A01034,NATIONAL ALUMINIUM CO LTD
NSE:NATIONSTD,NSE,NATIONSTD,NSE:NATIONSTD-EQ,INE166R01015,NATIONAL STAND (INDIA) L
NSE:NAUKRI,NSE,NAUKRI,NSE:NAUKRI-EQ,INE663F01032,INFO EDGE (I) LTD
NSE:NAVA,NSE,NAVA,NSE:NAVA-EQ,INE725A01030,NAVA LIMITED
NSE:NAVINFLUOR,NSE,NAVINFLUOR,NSE:NAVINFLUOR-EQ,INE048G01026,NAVIN FLUORINE INT. LTD
NSE:NAVKARCORP,NSE,NAVKARCORP,NSE:NAVKARCORP-EQ,INE278M01019,NAVKAR CORPORATION LTD.
NSE:NAVKARURB,NSE,NAVKARURB,NSE:NAVKARURB-EQ,INE268H01044,NAVKAR URBANSTRUCTURE LTD
NSE:NAVNETEDUL,NSE,NAVNETEDUL,NSE:NAVNETEDUL-EQ,INE060A01024,NAVNEET EDUCATION LTD
NSE:NAZARA,NSE,NAZARA,NSE:NAZARA-EQ,INE418L01047,NAZARA TECHNOLOGIES LTD
NSE:NBCC,NSE,NBCC,NSE:NBCC-EQ,INE095N01031,NBCC (INDIA) LIMITED
NSE:NBIFIN,NSE,NBIFIN,NSE:NBIFIN-EQ,INE365I01020,N.B.I. IND. FIN. CO. LTD
NSE:NCC,NSE,NCC,NSE:NCC-EQ,INE868B01028,NCC LIMITED
NSE:NCLIND,NSE,NCLIND,NSE:NCLIND-EQ,INE732C01016,NCL INDUSTRIES LIMITED
NSE:NDGL,NSE,NDGL,NSE:NDGL-EQ,INE756C01015,NAGA DHUNSERI GROUP LTD
NSE:NDL,NSE,NDL,NSE:NDL-EQ,INE875G01048,NANDAN DENIM LIMITED
NSE:NDLVENTURE,NSE,NDLVENTURE,NSE:NDLVENTURE-EQ,INE353A01023,NDL VENTURES LIMITED
NSE:NDRAUTO,NSE,NDRAUTO,NSE:NDRAUTO-EQ,INE07OG01012,NDR AUTO COMPONENTS LTD
NSE:NDTV,NSE,NDTV,NSE:NDTV-EQ,INE155G01029,NDTV LTD
NSE:NEAGI,NSE,NEAGI,NSE:NEAGI-EQ,INE605D01012,NEELAMALAI AGRO INDS. L
NSE:NECCLTD,NSE,NECCLTD,NSE:NECCLTD-EQ,INE553C01016,NORTH EAST CARRY CORP LTD
NSE:NECLIFE,NSE,NECLIFE,NSE:NECLIFE-EQ,INE023H01027,NECTAR LIFESCIENCES LTD.
NSE:NELCAST,NSE,NELCAST,NSE:NELCAST-EQ,INE189I01024,NELCAST LIMITED
NSE:NELCO,NSE,NELCO,NSE:NELCO-EQ,INE045B01015,NELCO LTD
NSE:NEOGEN,NSE,NEOGEN,NSE:NEOGEN-EQ,INE136S01016,NEOGEN CHEMICALS LIMITED
NSE:NEPHROPLUS,NSE,NEPHROPLUS,NSE:NEPHROPLUS-EQ,INE428V01029,NEPHROCARE HEALTH SERV L
NSE:NESCO,NSE,NESCO,NSE:NESCO-EQ,INE317F01035,NESCO LTD.
NSE:NESTLEIND,NSE,NESTLEIND,NSE:NESTLEIND-EQ,INE239A01024,NESTLE INDIA LIMITED
NSE:NETWEB,NSE,NETWEB,NSE:NETWEB-EQ,INE0NT901020,NETWEB TECH INDIA LTD
NSE:NETWORK18,NSE,NETWORK18,NSE:NETWORK18-EQ,INE870H01013,NETWORK18 MEDIA & INV LTD
NSE:NEUEON,NSE,NEUEON,NSE:NEUEON-BE,INE333I01044,NEUEON CORPORATION LTD
NSE:NEULANDLAB,NSE,NEULANDLAB,NSE:NEULANDLAB-EQ,INE794A01010,NEULAND LAB LTD.
NSE:NEWGEN,NSE,NEWGEN,NSE:NEWGEN-EQ,INE619B01017,NEWGEN SOFTWARE TECH LTD
NSE:NEXTMEDIA,NSE,NEXTMEDIA,NSE:NEXTMEDIA-EQ,INE747B01016,NEXT MEDIAWORKS LIMITED
NSE:NFL,NSE,NFL,NSE:NFL-EQ,INE870D01012,NATIONAL FERT. LTD
NSE:NGIL,NSE,NGIL,NSE:NGIL-EQ,INE236Y01012,NAKODA GROUP OF IND. LTD
NSE:NGLFINE,NSE,NGLFINE,NSE:NGLFINE-EQ,INE887E01022,NGL FINE CHEM LIMITED
NSE:NH,NSE,NH,NSE:NH-EQ,INE410P01011,NARAYANA HRUDAYALAYA LTD.
NSE:NHPC,NSE,NHPC,NSE:NHPC-EQ,INE848E01016,NHPC LTD
NSE:NIACL,NSE,NIACL,NSE:NIACL-EQ,INE470Y01017,THE NEW INDIA ASSU CO LTD
NSE:NIBE,NSE,NIBE,NSE:NIBE-EQ,INE149O01018,NIBE LIMITED
NSE:NIBL,NSE,NIBL,NSE:NIBL-EQ,INE047O01014,NRB INDUS. BEARINGS LTD.
NSE:NICCOPAR,NSE,NICCOPAR,NSE:NICCOPAR-EQ,INE653C01022,NICCO PARKS & RESORTS LTD
NSE:NIITLTD,NSE,NIITLTD,NSE:NIITLTD-EQ,INE161A01038,NIIT LIMITED
NSE:NIITMTS,NSE,NIITMTS,NSE:NIITMTS-EQ,INE342G01023,NIIT LEARNING SYSTEMS LTD
NSE:NILAINFRA,NSE,NILAINFRA,NSE:NILAINFRA-EQ,INE937C01029,NILA INFRASTRUCTURES LTD
NSE:NILASPACES,NSE,NILASPACES,NSE:NILASPACES-EQ,INE00S901012,NILA SPACES LIMITED
NSE:NILE,NSE,NILE,NSE:NILE-EQ,INE445D01013,NILE LTD.
NSE:NILKAMAL,NSE,NILKAMAL,NSE:NILKAMAL-EQ,INE310A01015,NILKAMAL LIMITED
NSE:NIMBSPROJ,NSE,NIMBSPROJ,NSE:NIMBSPROJ-EQ,INE875B01015,NIMBUS PROJECTS LIMITED
NSE:NINSYS,NSE,NINSYS,NSE:NINSYS-EQ,INE395U01014,NINTEC SYSTEMS LIMITED
NSE:NIPPOBATRY,NSE,NIPPOBATRY,NSE:NIPPOBATRY-EQ,INE567A01028,INDO-NATIONAL LIMITED
NSE:NIRAJ,NSE,NIRAJ,NSE:NIRAJ-EQ,INE368I01016,NIRAJ CEMENT STRUC LTD
NSE:NIRAJISPAT,NSE,NIRAJISPAT,NSE:NIRAJISPAT-BE,INE326T01011,NIRAJ ISPAT IND LTD
NSE:NIRLON,NSE,NIRLON,NSE:NIRLON-EQ,INE910A01012,NIRLON LTD
NSE:NITCO,NSE,NITCO,NSE:NITCO-EQ,INE858F01012,NITCO LIMITED
NSE:NITINSPIN,NSE,NITINSPIN,NSE:NITINSPIN-EQ,INE229H01012,NITIN SPINNERS LIMITED
NSE:NITIRAJ,NSE,NITIRAJ,NSE:NITIRAJ-EQ,INE439T01012,NITIRAJ ENGINEERS LTD
NSE:NITTAGELA,NSE,NITTAGELA,NSE:NITTAGELA-EQ,INE265B01019,NITTA GELATIN INDIA LTD.
NSE:NIVABUPA,NSE,NIVABUPA,NSE:NIVABUPA-EQ,INE995S01015,NIVA BUPA HEALTH INS CO L
NSE:NKIND,NSE,NKIND,NSE:NKIND-EQ,INE542C01019,NK INDUSTRIES LTD
NSE:NLCINDIA,NSE,NLCINDIA,NSE:NLCINDIA-EQ,INE589A01014,NLC INDIA LIMITED
NSE:NMDC,NSE,NMDC,NSE:NMDC-EQ,INE584A01023,NMDC LTD.
NSE:NOCIL,NSE,NOCIL,NSE:NOCIL-EQ,INE163A01018,NOCIL LIMITED
NSE:NOIDATOLL,NSE,NOIDATOLL,NSE:NOIDATOLL-EQ,INE781B01015,NOIDA TOLL BRIDGE CO LTD
NSE:NORBTEAEXP,NSE,NORBTEAEXP,NSE:NORBTEAEXP-EQ,INE369C01017,NORBEN TEA & EXPORTS LTD
NSE:NORTHARC,NSE,NORTHARC,NSE:NORTHARC-EQ,INE850M01015,NORTHERN ARC CAPITAL LTD
NSE:NOVAAGRI,NSE,NOVAAGRI,NSE:NOVAAGRI-EQ,INE02H701025,NOVA AGRITECH LIMITED
NSE:NOVARTIND,NSE,NOVARTIND,NSE:NOVARTIND-EQ,INE234A01025,NOVARTIS INDIA LIMITED
NSE:NPST,NSE,NPST,NSE:NPST-EQ,INE0FFK01017,NETWORK PEOPLE SRV TECH L
NSE:NRAIL,NSE,NRAIL,NSE:NRAIL-EQ,INE740D01017,N R AGARWAL INDS LTD
NSE:NRBBEARING,NSE,NRBBEARING,NSE:NRBBEARING-EQ,INE349A01021,NRB BEARING LIMITED
NSE:NRL,NSE,NRL,NSE:NRL-BE,INE0JM501013,NUPUR RECYCLERS LIMITED
NSE:NSIL,NSE,NSIL,NSE:NSIL-EQ,INE023A01030,NALWA SONS INVESTMENT LTD
NSE:NSLNISP,NSE,NSLNISP,NSE:NSLNISP-EQ,INE0NNS01018,NMDC STEEL LIMITED
NSE:NTCIND,NSE,NTCIND,NSE:NTCIND-EQ,INE920C01017,N T C INDUSTRIES LTD.
NSE:NTPC,NSE,NTPC,NSE:NTPC-EQ,INE733E01010,NTPC LTD
NSE:NTPCGREEN,NSE,NTPCGREEN,NSE:NTPCGREEN-EQ,INE0ONG01011,NTPC GREEN ENERGY LIMITED
NSE:NUCLEUS,NSE,NUCLEUS,NSE:NUCLEUS-EQ,INE096B01018,NUCLEUS SOFTWARE EXPORTS
NSE:NURECA,NSE,NURECA,NSE:NURECA-BE,INE0DSF01015,NURECA LIMITED
NSE:NUVAMA,NSE,NUVAMA,NSE:NUVAMA-EQ,INE531F01023,NUVAMA WEALTH MANAGE LTD
NSE:NUVOCO,NSE,NUVOCO,NSE:NUVOCO-EQ,INE118D01016,NUVOCO VISTAS CORP LTD
NSE:NYKAA,NSE,NYKAA,NSE:NYKAA-EQ,INE388Y01029,FSN E COMMERCE VENTURES
NSE:OAL,NSE,OAL,NSE:OAL-EQ,INE959C01023,ORIENTAL AROMATICS LTD
NSE:OBCL,NSE,OBCL,NSE:OBCL-EQ,INE426Z01016,OBCL LIMITED
NSE:OBEROIRLTY,NSE,OBEROIRLTY,NSE:OBEROIRLTY-EQ,INE093I01010,OBEROI REALTY LIMITED
NSE:OCCLLTD,NSE,OCCLLTD,NSE:OCCLLTD-BE,INE0PK601023,OCCL LIMITED
NSE:ODIGMA,NSE,ODIGMA,NSE:ODIGMA-EQ,INE054301028,ODIGMA CONSULTANCY SOL L
NSE:ODYCORP,NSE,ODYCORP,NSE:ODYCORP-EQ,INE839E01023,ODYSSEY CORPORATION LTD.
NSE:OFSS,NSE,OFSS,NSE:OFSS-EQ,INE881D01027,ORACLE FIN SERV SOFT LTD.
NSE:OIL,NSE,OIL,NSE:OIL-EQ,INE274J01014,OIL INDIA LTD
NSE:OILCOUNTUB,NSE,OILCOUNTUB,NSE:OILCOUNTUB-BE,INE591A01010,OIL COUNTRY TUBULAR LTD.
NSE:OLAELEC,NSE,OLAELEC,NSE:OLAELEC-EQ,INE0LXG01040,OLA ELECTRIC MOBILITY LTD
NSE:OLECTRA,NSE,OLECTRA,NSE:OLECTRA-EQ,INE260D01016,OLECTRA GREENTECH LIMITED
NSE:OMAXAUTO,NSE,OMAXAUTO,NSE:OMAXAUTO-EQ,INE090B01011,OMAX AUTOS LTD
NSE:OMAXE,NSE,OMAXE,NSE:OMAXE-EQ,INE800H01010,OMAXE LIMITED
NSE:OMFREIGHT,NSE,OMFREIGHT,NSE:OMFREIGHT-EQ,INE1BZC01019,OM FREIGHT FORWARDERS LTD
NSE:OMINFRAL,NSE,OMINFRAL,NSE:OMINFRAL-EQ,INE239D01028,OM INFRA LIMITED
NSE:OMNI,NSE,OMNI,NSE:OMNI-EQ,INE0UH301010,OMNITECH ENGINEERING LTD
NSE:OMPOWER,NSE,OMPOWER,NSE:OMPOWER-EQ,INE25E901019,OM POWER TRANSMISSION LTD
NSE:ONEGLOBAL,NSE,ONEGLOBAL,NSE:ONEGLOBAL-EQ,INE670O01013,ONE GLOBAL SERVICE PROV L
NSE:ONELIFECAP,NSE,ONELIFECAP,NSE:ONELIFECAP-BE,INE912L01015,ONELIFE CAP ADVISORS LTD
NSE:ONEPOINT,NSE,ONEPOINT,NSE:ONEPOINT-EQ,INE840Y01029,ONE POINT ONE SOL LTD
NSE:ONESOURCE,NSE,ONESOURCE,NSE:ONESOURCE-EQ,INE013P01021,ONESOURCE SPECL PHARMA L
NSE:ONGC,NSE,ONGC,NSE:ONGC-EQ,INE213A01029,OIL AND NATURAL GAS CORP.
NSE:ONIDA,NSE,ONIDA,NSE:ONIDA-EQ,INE831A01028,ONIDA ELECTRONICS LIMITED
NSE:ONIXSOLAR,NSE,ONIXSOLAR,NSE:ONIXSOLAR-EQ,INE173M01012,ONIX SOLAR ENERGY LTD.
NSE:ONMOBILE,NSE,ONMOBILE,NSE:ONMOBILE-BE,INE809I01019,ONMOBILE GLOBAL LTD.
NSE:ONWARDTEC,NSE,ONWARDTEC,NSE:ONWARDTEC-EQ,INE229A01017,ONWARD TECHNOLOGIES LTD
NSE:OPTIEMUS,NSE,OPTIEMUS,NSE:OPTIEMUS-EQ,INE350C01017,OPTIEMUS INFRACOM LTD
NSE:OPTIFIN,NSE,OPTIFIN,NSE:OPTIFIN-EQ,INE031G01022,OPTIMUS FINANCE LTD.
NSE:ORBTEXP,NSE,ORBTEXP,NSE:ORBTEXP-EQ,INE231G01010,ORBIT EXPORTS LIMITED
NSE:ORCHASP,NSE,ORCHASP,NSE:ORCHASP-EQ,INE215B01022,ORCHASP LIMITED
NSE:ORCHPHARMA,NSE,ORCHPHARMA,NSE:ORCHPHARMA-EQ,INE191A01027,ORCHID PHARMA LIMITED
NSE:ORICONENT,NSE,ORICONENT,NSE:ORICONENT-EQ,INE730A01022,ORICON ENTERPRISES LTD
NSE:ORIENTALTL,NSE,ORIENTALTL,NSE:ORIENTALTL-EQ,INE998H01012,ORIENTAL TRIMEX LTD
NSE:ORIENTBELL,NSE,ORIENTBELL,NSE:ORIENTBELL-EQ,INE607D01018,ORIENT BELL LIMITED
NSE:ORIENTCABL,NSE,ORIENTCABL,NSE:ORIENTCABL-EQ,INE0J1N01028,ORIENT CABLES (INDIA) LTD
NSE:ORIENTCEM,NSE,ORIENTCEM,NSE:ORIENTCEM-EQ,INE876N01018,ORIENT CEMENT LTD.
NSE:ORIENTCER,NSE,ORIENTCER,NSE:ORIENTCER-EQ,INE569C01020,ORIENT CERATECH LIMITED
NSE:ORIENTELEC,NSE,ORIENTELEC,NSE:ORIENTELEC-EQ,INE142Z01019,ORIENT ELECTRIC LIMITED
NSE:ORIENTHOT,NSE,ORIENTHOT,NSE:ORIENTHOT-EQ,INE750A01020,ORIENT HOTELS LTD
NSE:ORIENTLTD,NSE,ORIENTLTD,NSE:ORIENTLTD-BE,INE609C01024,ORIENT PRESS LIMITED
NSE:ORIENTPPR,NSE,ORIENTPPR,NSE:ORIENTPPR-EQ,INE592A01026,ORIENT PAPER AND INDS LTD
NSE:ORIENTTECH,NSE,ORIENTTECH,NSE:ORIENTTECH-EQ,INE0PPK01015,ORIENT TECHNOLOGIES LTD
NSE:ORIRAIL,NSE,ORIRAIL,NSE:ORIRAIL-EQ,INE457G01029,ORIENTAL RAIL INFRA L
NSE:ORISSAMINE,NSE,ORISSAMINE,NSE:ORISSAMINE-EQ,INE725E01024,ORISSA MIN DEV CO LTD
NSE:ORKLAINDIA,NSE,ORKLAINDIA,NSE:ORKLAINDIA-EQ,INE16NZ01023,ORKLA INDIA LIMITED
NSE:ORTINGLOBE,NSE,ORTINGLOBE,NSE:ORTINGLOBE-EQ,INE749B01020,ORTIN GLOBAL LIMITED
NSE:OSWALAGRO,NSE,OSWALAGRO,NSE:OSWALAGRO-EQ,INE142A01012,OSWAL AGRO MILLS LTD
NSE:OSWALGREEN,NSE,OSWALGREEN,NSE:OSWALGREEN-EQ,INE143A01010,OSWAL GREENTECH LIMITED
NSE:OSWALPUMPS,NSE,OSWALPUMPS,NSE:OSWALPUMPS-EQ,INE0BYP01024,OSWAL PUMPS LIMITED
NSE:OSWALSEEDS,NSE,OSWALSEEDS,NSE:OSWALSEEDS-EQ,INE00IK01029,SHREEOSWAL S AND CHE LTD
NSE:PACEDIGITK,NSE,PACEDIGITK,NSE:PACEDIGITK-EQ,INE0S3G01027,PACE DIGITEK LIMITED
NSE:PACIFICI,NSE,PACIFICI,NSE:PACIFICI-EQ,INE883C01025,PACIFIC INDUSTRIES LTD.
NSE:PAGEIND,NSE,PAGEIND,NSE:PAGEIND-EQ,INE761H01022,PAGE INDUSTRIES LTD
NSE:PAISALO,NSE,PAISALO,NSE:PAISALO-EQ,INE420C01059,PAISALO DIGITAL LIMITED
NSE:PAKKA,NSE,PAKKA,NSE:PAKKA-EQ,INE551D01018,PAKKA LIMITED
NSE:PALASHSECU,NSE,PALASHSECU,NSE:PALASHSECU-EQ,INE471W01019,PALASH SECURITIES LTD
NSE:PALREDTEC,NSE,PALREDTEC,NSE:PALREDTEC-EQ,INE218G01033,PALRED TECHNOLOGIES LTD
NSE:PANACEABIO,NSE,PANACEABIO,NSE:PANACEABIO-EQ,INE922B01023,PANACEA BIOTEC LTD
NSE:PANACHE,NSE,PANACHE,NSE:PANACHE-BE,INE895W01019,PANACHE DIGILIFE LIMITED
NSE:PANAMAPET,NSE,PANAMAPET,NSE:PANAMAPET-EQ,INE305C01029,PANAMA PETROCHEM LTD
NSE:PANCHMAHQ,NSE,PANCHMAHQ,NSE:PANCHMAHQ-EQ,INE798F01010,PANCHMAHAL STEEL LTD.
NSE:PANORAMA,NSE,PANORAMA,NSE:PANORAMA-EQ,INE258R01028,PANORAMA STUDIOS INTL. L
NSE:PANSARI,NSE,PANSARI,NSE:PANSARI-EQ,INE697V01011,PANSARI DEVELOPERS LTD
NSE:PAR,NSE,PAR,NSE:PAR-BE,INE04LG01015,PAR DRUGS AND CHEM LTD
NSE:PARACABLES,NSE,PARACABLES,NSE:PARACABLES-EQ,INE074B01023,PARAMOUNT COMM LTD
NSE:PARADEEP,NSE,PARADEEP,NSE:PARADEEP-EQ,INE088F01024,PARADEEP PHOSPHATES LTD
NSE:PARAGMILK,NSE,PARAGMILK,NSE:PARAGMILK-EQ,INE883N01014,PARAG MILK FOODS LTD.
NSE:PARAS,NSE,PARAS,NSE:PARAS-EQ,INE045601023,PARAS DEF AND SPCE TECH L
NSE:PARASPETRO,NSE,PARASPETRO,NSE:PARASPETRO-EQ,INE162C01024,PARAS PETROFILS LTD.
NSE:PARIN,NSE,PARIN,NSE:PARIN-EQ,INE00U801010,PARIN ENTERPRISES LIMITED
NSE:PARKHOSPS,NSE,PARKHOSPS,NSE:PARKHOSPS-EQ,INE119201023,PARK MEDI WORLD LIMITED
NSE:PARKHOTELS,NSE,PARKHOTELS,NSE:PARKHOTELS-EQ,INE988S01028,PARKHOTELS
NSE:PARNAXLAB,NSE,PARNAXLAB,NSE:PARNAXLAB-EQ,INE383L01019,PARNAX LAB LTD.
NSE:PARSVNATH,NSE,PARSVNATH,NSE:PARSVNATH-BE,INE561H01026,PARSVNATH DEVELOPER LTD
NSE:PASHUPATI,NSE,PASHUPATI,NSE:PASHUPATI-EQ,INE124Y01028,PASHUPATI COTSPIN LIMITED
NSE:PASUPTAC,NSE,PASUPTAC,NSE:PASUPTAC-EQ,INE818B01023,PASUPATI ACRYLON LIMITED
NSE:PATANJALI,NSE,PATANJALI,NSE:PATANJALI-EQ,INE619A01035,PATANJALI FOODS LIMITED
NSE:PATELENG,NSE,PATELENG,NSE:PATELENG-EQ,INE244B01030,PATEL ENGINEERING LTD.
NSE:PATELRMART,NSE,PATELRMART,NSE:PATELRMART-EQ,INE0R8B01010,PATEL RETAIL LIMITED
NSE:PATINTLOG,NSE,PATINTLOG,NSE:PATINTLOG-EQ,INE529D01014,PATEL INT. LOG. LTD
NSE:PAUSHAKLTD,NSE,PAUSHAKLTD,NSE:PAUSHAKLTD-EQ,INE111F01024,PAUSHAK LIMITED
NSE:PAVNAIND,NSE,PAVNAIND,NSE:PAVNAIND-EQ,INE07S101038,PAVNA INDUSTRIES LIMITED
NSE:PAYTM,NSE,PAYTM,NSE:PAYTM-EQ,INE982J01020,ONE 97 COMMUNICATIONS LTD
NSE:PBMPOLY,NSE,PBMPOLY,NSE:PBMPOLY-EQ,INE501F01018,P B M POLYTEX LTD.
NSE:PCBL,NSE,PCBL,NSE:PCBL-EQ,INE602A01031,PCBL CHEMICAL LIMITED
NSE:PCJEWELLER,NSE,PCJEWELLER,NSE:PCJEWELLER-EQ,INE785M01021,PC JEWELLER LTD
NSE:PDMJEPAPER,NSE,PDMJEPAPER,NSE:PDMJEPAPER-EQ,INE865T01018,PUDUMJEE PAPER PRO. LTD
NSE:PDSL,NSE,PDSL,NSE:PDSL-EQ,INE111Q01021,PDS LIMITED
NSE:PEARLPOLY,NSE,PEARLPOLY,NSE:PEARLPOLY-EQ,INE844A01013,PEARL POLYMERS LTD
NSE:PENIND,NSE,PENIND,NSE:PENIND-EQ,INE932A01024,PENNAR INDUSTRIES LTD
NSE:PENINLAND,NSE,PENINLAND,NSE:PENINLAND-EQ,INE138A01028,PENINSULA LAND LIMITED
NSE:PERMAGN,NSE,PERMAGN,NSE:PERMAGN-EQ,INE418E01018,PERMANENT MAGNETS LTD.
NSE:PERNIASPOP,NSE,PERNIASPOP,NSE:PERNIASPOP-EQ,INE0I1B01016,PURPLE STYLE LABS LIMITED
NSE:PERSISTENT,NSE,PERSISTENT,NSE:PERSISTENT-EQ,INE262H01021,PERSISTENT SYSTEMS LTD
NSE:PETRONET,NSE,PETRONET,NSE:PETRONET-EQ,INE347G01014,PETRONET LNG LIMITED
NSE:PFC,NSE,PFC,NSE:PFC-EQ,INE134E01011,POWER FIN CORP LTD.
NSE:PFIZER,NSE,PFIZER,NSE:PFIZER-EQ,INE182A01018,PFIZER LTD
NSE:PFOCUS,NSE,PFOCUS,NSE:PFOCUS-EQ,INE367G01038,PRIME FOCUS LIMITED
NSE:PFS,NSE,PFS,NSE:PFS-EQ,INE560K01014,PTC INDIA FIN SERV LTD
NSE:PGEL,NSE,PGEL,NSE:PGEL-EQ,INE457L01029,PG ELECTROPLAST LTD
NSE:PGHH,NSE,PGHH,NSE:PGHH-EQ,INE179A01014,P&G HYGIENE & HEALTH CARE
NSE:PGHL,NSE,PGHL,NSE:PGHL-EQ,INE199A01012,PROCTER & GAMBLE HEALTH L
NSE:PGIL,NSE,PGIL,NSE:PGIL-EQ,INE940H01022,PEARL GLOBAL IND LIMITED
NSE:PHOENIXLTD,NSE,PHOENIXLTD,NSE:PHOENIXLTD-EQ,INE211B01039,THE PHOENIX MILLS LTD
NSE:PHOENXINTL,NSE,PHOENXINTL,NSE:PHOENXINTL-EQ,INE245B01011,PHOENIX INTERNATIONAL LTD
NSE:PICCADIL,NSE,PICCADIL,NSE:PICCADIL-EQ,INE546C01010,PICCADILY AGRO INDUSTRI L
NSE:PIDILITIND,NSE,PIDILITIND,NSE:PIDILITIND-EQ,INE318A01026,PIDILITE INDUSTRIES LTD
NSE:PIGL,NSE,PIGL,NSE:PIGL-EQ,INE557Z01018,POWER INSTRUMENT (G) LTD
NSE:PIIND,NSE,PIIND,NSE:PIIND-EQ,INE603J01030,PI INDUSTRIES LTD
NSE:PILANIINVS,NSE,PILANIINVS,NSE:PILANIINVS-EQ,INE417C01014,PILANI INV & IND COR LTD
NSE:PILITA,NSE,PILITA,NSE:PILITA-EQ,INE600A01035,PIL ITALICA LIFESTYLE LTD
NSE:PINELABS,NSE,PINELABS,NSE:PINELABS-EQ,INE15B701018,PINE LABS LIMITED
NSE:PIONEEREMB,NSE,PIONEEREMB,NSE:PIONEEREMB-EQ,INE156C01018,PIONEER EMBROIDERIES LTD
NSE:PIONRINV,NSE,PIONRINV,NSE:PIONRINV-BE,INE746D01014,PIONEER INVESTCORP LTD.
NSE:PIRAMALFIN,NSE,PIRAMALFIN,NSE:PIRAMALFIN-EQ,INE202B01038,PIRAMAL FINANCE LIMITED
NSE:PITTIENG,NSE,PITTIENG,NSE:PITTIENG-EQ,INE450D01021,PITTI ENGINEERING LIMITED
NSE:PIXTRANS,NSE,PIXTRANS,NSE:PIXTRANS-EQ,INE751B01018,PIX TRANSMISSIONS LIMITED
NSE:PKTEA,NSE,PKTEA,NSE:PKTEA-BE,INE431F01018,THE P K TEA PROD CO LTD
NSE:PLASTIBLEN,NSE,PLASTIBLEN,NSE:PLASTIBLEN-EQ,INE083C01022,PLASTIBLENDS INDIA LTD
NSE:PLATIND,NSE,PLATIND,NSE:PLATIND-EQ,INE0PT501018,PLATINUM INDUSTRIES LTD
NSE:PLAZACABLE,NSE,PLAZACABLE,NSE:PLAZACABLE-EQ,INE0INJ01017,PLAZA WIRES LIMITED
NSE:PML,NSE,PML,NSE:PML-EQ,INE291E01019,PAUL MERCHANTS LTD.
NSE:PNB,NSE,PNB,NSE:PNB-EQ,INE160A01022,PUNJAB NATIONAL BANK
NSE:PNBGILTS,NSE,PNBGILTS,NSE:PNBGILTS-EQ,INE859A01011,PNB GILTS LIMITED
NSE:PNBHOUSING,NSE,PNBHOUSING,NSE:PNBHOUSING-EQ,INE572E01012,PNB HOUSING FIN LTD.
NSE:PNC,NSE,PNC,NSE:PNC-EQ,INE392B01011,PNC MEDIA AND ENT LTD
NSE:PNCINFRA,NSE,PNCINFRA,NSE:PNCINFRA-EQ,INE195J01029,PNC INFRATECH LTD.
NSE:PNGJL,NSE,PNGJL,NSE:PNGJL-EQ,INE953R01016,P N GADGIL JEWELLERS LTD
NSE:PNGSREVA,NSE,PNGSREVA,NSE:PNGSREVA-EQ,INE1RDG01013,PNGS REVA DIAMOND JEWEL L
NSE:POCL,NSE,POCL,NSE:POCL-EQ,INE063E01061,PONDY OXIDES & CHEM LTD
NSE:PODDARMENT,NSE,PODDARMENT,NSE:PODDARMENT-EQ,INE371C01013,PODDAR PIGMENTS LIMITED
NSE:POEL,NSE,POEL,NSE:POEL-EQ,INE035S01028,P O C L ENTERPRISES LTD.
NSE:POKARNA,NSE,POKARNA,NSE:POKARNA-EQ,INE637C01025,POKARNA LIMITED
NSE:POLICYBZR,NSE,POLICYBZR,NSE:POLICYBZR-EQ,INE417T01026,PB FINTECH LIMITED
NSE:POLYCAB,NSE,POLYCAB,NSE:POLYCAB-EQ,INE455K01017,POLYCAB INDIA LIMITED
NSE:POLYMED,NSE,POLYMED,NSE:POLYMED-EQ,INE205C01021,POLY MEDICURE LIMITED
NSE:POLYPLEX,NSE,POLYPLEX,NSE:POLYPLEX-EQ,INE633B01018,POLYPLEX CORPORATION LTD
NSE:POLYSPIN,NSE,POLYSPIN,NSE:POLYSPIN-EQ,INE914G01029,POLYSPIN EXPORTS LTD.
NSE:PONNIERODE,NSE,PONNIERODE,NSE:PONNIERODE-EQ,INE838E01017,PONNIE SUGARS (ERODE) LTD
NSE:POONAWALLA,NSE,POONAWALLA,NSE:POONAWALLA-EQ,INE511C01022,POONAWALLA FINCORP LTD
NSE:POWERGRID,NSE,POWERGRID,NSE:POWERGRID-EQ,INE752E01010,POWER GRID CORP. LTD.
NSE:POWERICA,NSE,POWERICA,NSE:POWERICA-EQ,INE921L01032,POWERICA LIMITED
NSE:POWERINDIA,NSE,POWERINDIA,NSE:POWERINDIA-EQ,INE07Y701011,HITACHI ENERGY INDIA LTD
NSE:POWERMECH,NSE,POWERMECH,NSE:POWERMECH-EQ,INE211R01019,POWER MECH PROJECTS LTD.
NSE:PPAP,NSE,PPAP,NSE:PPAP-BE,INE095I01015,PPAP AUTOMOTIVE LIMITED
NSE:PPL,NSE,PPL,NSE:PPL-EQ,INE050001010,PRAKASH PIPES LIMITED
NSE:PPLPHARMA,NSE,PPLPHARMA,NSE:PPLPHARMA-EQ,INE0DK501011,PIRAMAL PHARMA LIMITED
NSE:PRABHA,NSE,PRABHA,NSE:PRABHA-EQ,INE0I0M01023,PRABHA ENERGY LIMITED
NSE:PRADPME,NSE,PRADPME,NSE:PRADPME-EQ,INE770A01010,PRADEEP METALS LTD.
NSE:PRAENG,NSE,PRAENG,NSE:PRAENG-EQ,INE505C01016,PRAJAY ENG. SYN. LTD.
NSE:PRAJIND,NSE,PRAJIND,NSE:PRAJIND-EQ,INE074A01025,PRAJ INDUSTRIES LTD
NSE:PRAKASH,NSE,PRAKASH,NSE:PRAKASH-EQ,INE603A01013,PRAKASH INDUSTRIES LTD
NSE:PRAKASHSTL,NSE,PRAKASHSTL,NSE:PRAKASHSTL-EQ,INE696K01024,PRAKASH STEELAGE LTD
NSE:PRANAV,NSE,PRANAV,NSE:PRANAV-EQ,INE0H4201019,PRANAV CONSTRUCTIONS LTD
NSE:PRASOLCHEM,NSE,PRASOLCHEM,NSE:PRASOLCHEM-EQ,INE455U01024,PRASOL CHEMICALS LIMITED
NSE:PRAVEG,NSE,PRAVEG,NSE:PRAVEG-EQ,INE722B01019,PRAVEG LTD.
NSE:PRAXIS,NSE,PRAXIS,NSE:PRAXIS-EQ,INE546Y01022,PRAXIS HOME RETAIL LTD
NSE:PRECAM,NSE,PRECAM,NSE:PRECAM-EQ,INE484I01029,PRECISION CAMSHAFTS LTD.
NSE:PRECOT,NSE,PRECOT,NSE:PRECOT-EQ,INE283A01014,PRECOT LIMITED
NSE:PRECWIRE,NSE,PRECWIRE,NSE:PRECWIRE-EQ,INE372C01037,PRECISION WIRES INDIA LTD
NSE:PREMCO,NSE,PREMCO,NSE:PREMCO-EQ,INE001E01012,PREMCO GLOBAL LTD.
NSE:PREMEXPLN,NSE,PREMEXPLN,NSE:PREMEXPLN-EQ,INE863B01029,PREMIER EXPLOSIVES LTD
NSE:PREMIER,NSE,PREMIER,NSE:PREMIER-BE,INE342A01018,PREMIER LIMITED
NSE:PREMIERENE,NSE,PREMIERENE,NSE:PREMIERENE-EQ,INE0BS701011,PREMIER ENERGIES LIMITED
NSE:PREMIERPOL,NSE,PREMIERPOL,NSE:PREMIERPOL-EQ,INE309M01020,PREMIER POLYFILM LTD
NSE:PRESTIGE,NSE,PRESTIGE,NSE:PRESTIGE-EQ,INE811K01011,PRESTIGE ESTATE LTD
NSE:PRICOLLTD,NSE,PRICOLLTD,NSE:PRICOLLTD-EQ,INE726V01018,PRICOL LIMITED
NSE:PRIMESECU,NSE,PRIMESECU,NSE:PRIMESECU-EQ,INE032B01021,PRIME SECURITIES LIMITED
NSE:PRIMO,NSE,PRIMO,NSE:PRIMO-EQ,INE607A01022,PRIMO CHEMICALS LIMITED
NSE:PRINCEPIPE,NSE,PRINCEPIPE,NSE:PRINCEPIPE-EQ,INE689W01016,PRINCE PIPES FITTINGS LTD
NSE:PRIORITY,NSE,PRIORITY,NSE:PRIORITY-EQ,INE15EH01014,PRIORITY JEWELS LIMITED
NSE:PRISMX,NSE,PRISMX,NSE:PRISMX-EQ,INE286N01028,PRISMX GLOBAL VENTURES L
NSE:PRITI,NSE,PRITI,NSE:PRITI-EQ,INE974Z01015,PRITI INTERNATIONAL LTD
NSE:PRITIKAUTO,NSE,PRITIKAUTO,NSE:PRITIKAUTO-EQ,INE583R01029,PRITIKA AUTO INDUS LTD
NSE:PRIVISCL,NSE,PRIVISCL,NSE:PRIVISCL-EQ,INE959A01019,PRIVI SPECIALITY CHE LTD
NSE:PROSTARM,NSE,PROSTARM,NSE:PROSTARM-EQ,INE0BX301013,PROSTARM INFO SYSTEMS LTD
NSE:PROTEAN,NSE,PROTEAN,NSE:PROTEAN-EQ,INE004A01022,PROTEAN EGOV TECHNO LTD
NSE:PROZONER,NSE,PROZONER,NSE:PROZONER-EQ,INE195N01013,PROZONE REALTY LIMITED
NSE:PRSMJOHNSN,NSE,PRSMJOHNSN,NSE:PRSMJOHNSN-EQ,INE010A01011,PRISM JOHNSON LIMITED
NSE:PRUDENT,NSE,PRUDENT,NSE:PRUDENT-EQ,INE00F201020,PRUDENT CORP ADV SER LTD
NSE:PRUDMOULI,NSE,PRUDMOULI,NSE:PRUDMOULI-EQ,INE024D01016,PRUDENTIAL SUGAR CORPORAT
NSE:PSB,NSE,PSB,NSE:PSB-EQ,INE608A01012,PUNJAB & SIND BANK
NSE:PSPPROJECT,NSE,PSPPROJECT,NSE:PSPPROJECT-EQ,INE488V01015,PSP PROJECTS LIMITED
NSE:PTC,NSE,PTC,NSE:PTC-EQ,INE877F01012,PTC INDIA LIMITED
NSE:PTCIL,NSE,PTCIL,NSE:PTCIL-EQ,INE596F01018,PTC INDUSTRIES LIMITED
NSE:PTL,NSE,PTL,NSE:PTL-EQ,INE034D01049,PTL ENTERPRISES LTD
NSE:PUNJABCHEM,NSE,PUNJABCHEM,NSE:PUNJABCHEM-EQ,INE277B01014,PUNJAB CHEM & CROP PROT L
NSE:PURVA,NSE,PURVA,NSE:PURVA-EQ,INE323I01011,PURAVANKARA LIMITED
NSE:PVP,NSE,PVP,NSE:PVP-EQ,INE362A01016,PVP VENTURES LIMITED
NSE:PVRINOX,NSE,PVRINOX,NSE:PVRINOX-EQ,INE191H01014,PVR INOX LIMITED
NSE:PVSL,NSE,PVSL,NSE:PVSL-EQ,INE772T01024,POPULAR VEHICLES N SER L
NSE:PWL,NSE,PWL,NSE:PWL-EQ,INE0LP301011,PHYSICSWALLAH LIMITED
NSE:PYRAMID,NSE,PYRAMID,NSE:PYRAMID-EQ,INE0MIS01010,PYRAMID TECHNOPLAST LTD
NSE:QMSMEDI,NSE,QMSMEDI,NSE:QMSMEDI-BE,INE0FMW01018,QMS MEDICAL ALLIED S LTD
NSE:QPOWER,NSE,QPOWER,NSE:QPOWER-EQ,INE0SII01026,QUALITY POWER ELEC EQUP L
NSE:QUADFUTURE,NSE,QUADFUTURE,NSE:QUADFUTURE-EQ,INE0LRY01011,QUADRANT FUTURE TEK LTD
NSE:QUESS,NSE,QUESS,NSE:QUESS-EQ,INE615P01015,QUESS CORP LIMITED
NSE:QUICKHEAL,NSE,QUICKHEAL,NSE:QUICKHEAL-EQ,INE306L01010,QUICK HEAL TECH LTD
NSE:QUINT,NSE,QUINT,NSE:QUINT-BE,INE641R01017,QUINT DIGITAL LTD.
NSE:QUINTEGRA,NSE,QUINTEGRA,NSE:QUINTEGRA-EQ,INE033B01011,QUINTEGRA SOLUTIONS LTD.
NSE:RACE,NSE,RACE,NSE:RACE-EQ,INE084Q01012,RACE ECO CHAIN LIMITED
NSE:RACLGEAR,NSE,RACLGEAR,NSE:RACLGEAR-EQ,INE704B01017,RACL GEARTECH LIMITED
NSE:RADAAN,NSE,RADAAN,NSE:RADAAN-EQ,INE874F01027,RADAAN MEDIAWORKS (I) LTD
NSE:RADHIKAJWE,NSE,RADHIKAJWE,NSE:RADHIKAJWE-BE,INE583V01021,RADHIKA JEWELTECH LIMITED
NSE:RADIANTCMS,NSE,RADIANTCMS,NSE:RADIANTCMS-EQ,INE855R01021,RADIANT CASH MGMT SER LTD
NSE:RADICO,NSE,RADICO,NSE:RADICO-EQ,INE944F01028,RADICO KHAITAN LTD
NSE:RADIOCITY,NSE,RADIOCITY,NSE:RADIOCITY-EQ,INE919I01024,MUSIC BROADCAST LIMITED
NSE:RAILTEL,NSE,RAILTEL,NSE:RAILTEL-EQ,INE0DD101019,RAILTEL CORP OF IND LTD
NSE:RAIN,NSE,RAIN,NSE:RAIN-EQ,INE855B01025,RAIN INDUSTRIES LIMITED
NSE:RAINBOW,NSE,RAINBOW,NSE:RAINBOW-EQ,INE961O01016,RAINBOW CHILDRENS MED LTD
NSE:RAJMET,NSE,RAJMET,NSE:RAJMET-EQ,INE00KV01022,RAJNANDINI METAL LIMITED
NSE:RAJOOENG,NSE,RAJOOENG,NSE:RAJOOENG-EQ,INE535F01024,RAJOO ENGINEERS LIMITED
NSE:RAJPALAYAM,NSE,RAJPALAYAM,NSE:RAJPALAYAM-EQ,INE296E01026,RAJAPALAYAM MILLS LTD.
NSE:RAJRATAN,NSE,RAJRATAN,NSE:RAJRATAN-EQ,INE451D01029,RAJRATAN GLOBAL WIRE LTD
NSE:RAJRILTD,NSE,RAJRILTD,NSE:RAJRILTD-BE,INE533D01032,RAJ RAYON INDUSTRIES LTD
NSE:RAJSREESUG,NSE,RAJSREESUG,NSE:RAJSREESUG-EQ,INE562B01019,RAJSHREE SUGAR & CHEMICAL
NSE:RAJTV,NSE,RAJTV,NSE:RAJTV-BE,INE952H01027,RAJ TV NETWORK LTD
NSE:RALLIS,NSE,RALLIS,NSE:RALLIS-EQ,INE613A01020,RALLIS INDIA LTD
NSE:RAMANEWS,NSE,RAMANEWS,NSE:RAMANEWS-EQ,INE278B01020,SHREE RAMA NEWSPRINT LTD
NSE:RAMAPHO,NSE,RAMAPHO,NSE:RAMAPHO-EQ,INE809A01032,RAMA PHOSPHATES LIMITED
NSE:RAMASTEEL,NSE,RAMASTEEL,NSE:RAMASTEEL-BE,INE230R01035,RAMA STEEL TUBES LIMITED
NSE:RAMBHAJO,NSE,RAMBHAJO,NSE:RAMBHAJO-EQ,INE1SJO01012,ADVIT JEWELS LIMITED
NSE:RAMCOCEM,NSE,RAMCOCEM,NSE:RAMCOCEM-EQ,INE331A01037,THE RAMCO CEMENTS LIMITED
NSE:RAMCOIND,NSE,RAMCOIND,NSE:RAMCOIND-EQ,INE614A01028,RAMCO INDUSTRIES LIMITED
NSE:RAMCOSYS,NSE,RAMCOSYS,NSE:RAMCOSYS-EQ,INE246B01019,RAMCO SYSTEMS LTD.
NSE:RAMKY,NSE,RAMKY,NSE:RAMKY-EQ,INE874I01013,RAMKY INFRA LTD
NSE:RAMRAT,NSE,RAMRAT,NSE:RAMRAT-EQ,INE207E01023,RAM RATNA WIRES LIMITED
NSE:RANASUG,NSE,RANASUG,NSE:RANASUG-EQ,INE625B01014,RANA SUGARS LTD.
NSE:RANEHOLDIN,NSE,RANEHOLDIN,NSE:RANEHOLDIN-EQ,INE384A01010,RANE HOLDINGS LIMITED
NSE:RATEGAIN,NSE,RATEGAIN,NSE:RATEGAIN-EQ,INE0CLI01024,RATEGAIN TRAVEL TECHN LTD
NSE:RATNAMANI,NSE,RATNAMANI,NSE:RATNAMANI-EQ,INE703B01027,RATNAMANI MET & TUB LTD.
NSE:RATNAVEER,NSE,RATNAVEER,NSE:RATNAVEER-EQ,INE05CZ01011,RATNAVEER PRECISION ENG L
NSE:RAYMOND,NSE,RAYMOND,NSE:RAYMOND-EQ,INE301A01014,RAYMOND LTD
NSE:RAYMONDLSL,NSE,RAYMONDLSL,NSE:RAYMONDLSL-EQ,INE02ID01020,RAYMOND LIFESTYLE LIMITED
NSE:RAYMONDREL,NSE,RAYMONDREL,NSE:RAYMONDREL-EQ,INE1SY401010,RAYMOND REALTY LIMITED
NSE:RBA,NSE,RBA,NSE:RBA-EQ,INE07T201019,RESTAURANT BRAND ASIA LTD
NSE:RBLBANK,NSE,RBLBANK,NSE:RBLBANK-EQ,INE976G01028,RBL BANK LIMITED
NSE:RBZJEWEL,NSE,RBZJEWEL,NSE:RBZJEWEL-BE,INE0PEQ01016,RBZ JEWELLERS LIMITED
NSE:RCF,NSE,RCF,NSE:RCF-EQ,INE027A01015,RASHTRIYA CHEMICALS & FER
NSE:RCOM,NSE,RCOM,NSE:RCOM-BE,INE330H01018,RELIANCE COMMUNICATIONS L
NSE:RECLTD,NSE,RECLTD,NSE:RECLTD-EQ,INE020B01018,REC LIMITED
NSE:REDINGTON,NSE,REDINGTON,NSE:REDINGTON-EQ,INE891D01026,REDINGTON LIMITED
NSE:REDTAPE,NSE,REDTAPE,NSE:REDTAPE-EQ,INE0LXT01019,REDTAPE LIMITED
NSE:REFEX,NSE,REFEX,NSE:REFEX-EQ,INE056I01025,REFEX INDUSTRIES LIMITED
NSE:REGAAL,NSE,REGAAL,NSE:REGAAL-EQ,INE0MHO01029,REGAAL RESOURCES LIMITED
NSE:REGENCERAM,NSE,REGENCERAM,NSE:REGENCERAM-EQ,INE277C01012,REGENCY CERAMICS LTD.
NSE:RELAXO,NSE,RELAXO,NSE:RELAXO-EQ,INE131B01039,RELAXO FOOT LTD.
NSE:RELCHEMQ,NSE,RELCHEMQ,NSE:RELCHEMQ-EQ,INE750D01016,RELIANCE CHEMOTEX IND LTD
NSE:RELIABLE,NSE,RELIABLE,NSE:RELIABLE-EQ,INE375Y01018,RELIABLE DATA SERVICE LTD
NSE:RELIANCE,NSE,RELIANCE,NSE:RELIANCE-EQ,INE002A01018,RELIANCE INDUSTRIES LTD
NSE:RELIGARE,NSE,RELIGARE,NSE:RELIGARE-EQ,INE621H01010,RELIGARE ENTER. LTD.
NSE:RELINFRA,NSE,RELINFRA,NSE:RELINFRA-BE,INE036A01016,RELIANCE INFRASTRUCTU LTD
NSE:RELTD,NSE,RELTD,NSE:RELTD-EQ,INE206N01018,RAVINDRA ENERGY LIMITED
NSE:REMSONSIND,NSE,REMSONSIND,NSE:REMSONSIND-EQ,INE474C01023,REMSONS INDUSTRIES LTD
NSE:RENTOMOJO,NSE,RENTOMOJO,NSE:RENTOMOJO-EQ,INE08T701025,RENTOMOJO LIMITED
NSE:RENUKA,NSE,RENUKA,NSE:RENUKA-EQ,INE087H01022,SHREE RENUKA SUGARS LTD
NSE:REPCOHOME,NSE,REPCOHOME,NSE:REPCOHOME-EQ,INE612J01015,REPCO HOME FINANCE LTD
NSE:REPL,NSE,REPL,NSE:REPL-EQ,INE364Z01019,RUDRABHISHEK ENTERP LTD
NSE:REPRO,NSE,REPRO,NSE:REPRO-EQ,INE461B01014,REPRO INDIA LIMITED
NSE:RESPONIND,NSE,RESPONIND,NSE:RESPONIND-EQ,INE688D01026,RESPONSIVE INDUSTRIES LTD
NSE:RETAIL,NSE,RETAIL,NSE:RETAIL-BE,INE03DD01011,JHS SVENDGAARD RETAIL V L
NSE:RGL,NSE,RGL,NSE:RGL-EQ,INE722H01024,RENAISSANCE GLOBAL LTD
NSE:RHETAN,NSE,RHETAN,NSE:RHETAN-EQ,INE0KKN01029,RHETAN TMT LIMITED
NSE:RHIM,NSE,RHIM,NSE:RHIM-EQ,INE743M01012,RHI MAGNESITA INDIA LTD
NSE:RHL,NSE,RHL,NSE:RHL-EQ,INE508K01013,ROBUST HOTELS LIMITED
NSE:RICOAUTO,NSE,RICOAUTO,NSE:RICOAUTO-EQ,INE209B01025,RICO AUTO INDUSTRIES LTD
NSE:RIIL,NSE,RIIL,NSE:RIIL-EQ,INE046A01015,RELIANCE INDUSTRIAL INFRA
NSE:RIR,NSE,RIR,NSE:RIR-EQ,INE302D01024,RIR POWER ELECTRONICS L
NSE:RISHABH,NSE,RISHABH,NSE:RISHABH-EQ,INE0N2P01017,RISHABH INSTRUMENTS LTD
NSE:RITCO,NSE,RITCO,NSE:RITCO-EQ,INE01EG01016,RITCO LOGISTICS LIMITED
NSE:RITES,NSE,RITES,NSE:RITES-EQ,INE320J01015,RITES LIMITED
NSE:RKDL,NSE,RKDL,NSE:RKDL-EQ,INE722J01012,RAVI KUMAR DIST. LTD.
NSE:RKEC,NSE,RKEC,NSE:RKEC-BE,INE786W01010,RKEC PROJECTS LIMITED
NSE:RKFORGE,NSE,RKFORGE,NSE:RKFORGE-EQ,INE399G01023,RAMKRISHNA FORGINGS LTD
NSE:RKSWAMY,NSE,RKSWAMY,NSE:RKSWAMY-EQ,INE0NQ801033,R K SWAMY LIMITED
NSE:RMC,NSE,RMC,NSE:RMC-EQ,INE655V01019,RMC SWITCHGEARS LIMITED
NSE:RMDRIP,NSE,RMDRIP,NSE:RMDRIP-BE,INE219Y01026,R M DRIP & SPRINK SYS LTD
NSE:RML,NSE,RML,NSE:RML-EQ,INE050H01012,RANE (MADRAS) LIMITED
NSE:RNBDENIMS,NSE,RNBDENIMS,NSE:RNBDENIMS-BE,INE012Q01039,R&B DENIMS LIMITED
NSE:ROHLTD,NSE,ROHLTD,NSE:ROHLTD-EQ,INE283H01019,ROYAL ORCHID HOTELS LTD
NSE:ROLEXRINGS,NSE,ROLEXRINGS,NSE:ROLEXRINGS-EQ,INE645S01024,ROLEX RINGS LIMITED
NSE:ROLLT,NSE,ROLLT,NSE:ROLLT-BE,INE927A01040,ROLLATAINERS LIMITED
NSE:ROML,NSE,ROML,NSE:ROML-EQ,INE294G01026,RAJ OIL MILLS LIMITED
NSE:ROSSARI,NSE,ROSSARI,NSE:ROSSARI-EQ,INE02A801020,ROSSARI BIOTECH LIMITED
NSE:ROSSELLIND,NSE,ROSSELLIND,NSE:ROSSELLIND-EQ,INE847C01020,ROSSELL INDIA LIMITED
NSE:ROSSTECH,NSE,ROSSTECH,NSE:ROSSTECH-EQ,INE0OJW01016,ROSSELL TECHSYS LIMITED
NSE:ROTO,NSE,ROTO,NSE:ROTO-EQ,INE535D01037,ROTO PUMPS LIMITED
NSE:ROUTE,NSE,ROUTE,NSE:ROUTE-EQ,INE450U01017,ROUTE MOBILE LIMITED
NSE:RPEL,NSE,RPEL,NSE:RPEL-EQ,INE912T01018,RAGHAV PRODUCTIVITY ENH L
NSE:RPGLIFE,NSE,RPGLIFE,NSE:RPGLIFE-EQ,INE105J01010,RPG LIFE SCIENCES LTD
NSE:RPOWER,NSE,RPOWER,NSE:RPOWER-EQ,INE614G01033,RELIANCE POWER LTD.
NSE:RPPINFRA,NSE,RPPINFRA,NSE:RPPINFRA-EQ,INE324L01013,R.P.P INFRA PROJECTS LTD
NSE:RPPL,NSE,RPPL,NSE:RPPL-BE,INE760W01023,RAJSHREE POLYPACK LTD
NSE:RPSGVENT,NSE,RPSGVENT,NSE:RPSGVENT-EQ,INE425Y01011,RPSG VENTURES LIMITED
NSE:RPTECH,NSE,RPTECH,NSE:RPTECH-EQ,INE0J1F01024,RASHI PERIPHERALS LIMITED
NSE:RRECL,NSE,RRECL,NSE:RRECL-EQ,INE0AK901016,RDB REAL ESTATE CONS L
NSE:RRIL,NSE,RRIL,NSE:RRIL-EQ,INE951M01037,R R I L LTD.
NSE:RRKABEL,NSE,RRKABEL,NSE:RRKABEL-EQ,INE777K01022,R R KABEL LIMITED
NSE:RSDFIN,NSE,RSDFIN,NSE:RSDFIN-BE,INE616F01022,R S D FINANCE LTD.
NSE:RSL,NSE,RSL,NSE:RSL-EQ,INE313L01016,RAJPUTANA STAINLESS LTD
NSE:RSSOFTWARE,NSE,RSSOFTWARE,NSE:RSSOFTWARE-EQ,INE165B01029,R. S. SOFTWARE (INDIA) LI
NSE:RSWM,NSE,RSWM,NSE:RSWM-EQ,INE611A01016,RSWM LIMITED
NSE:RSYSTEMS,NSE,RSYSTEMS,NSE:RSYSTEMS-EQ,INE411H01032,R SYS INTERNATIONAL LTD
NSE:RTNINDIA,NSE,RTNINDIA,NSE:RTNINDIA-EQ,INE834M01019,RATTANINDIA ENT LIMITED
NSE:RTNPOWER,NSE,RTNPOWER,NSE:RTNPOWER-EQ,INE399K01017,RATTANINDIA POWER LIMITED
NSE:RTSPOWR,NSE,RTSPOWR,NSE:RTSPOWR-BE,INE005C01017,R T S POWER CORPN. LTD.
NSE:RUBFILA,NSE,RUBFILA,NSE:RUBFILA-EQ,INE642C01025,RUBFILA INTERNATIONAL LTD
NSE:RUBICON,NSE,RUBICON,NSE:RUBICON-EQ,INE506V01022,RUBICON RESEARCH LIMITED
NSE:RUBYMILLS,NSE,RUBYMILLS,NSE:RUBYMILLS-EQ,INE301D01026,THE RUBY MILLS LTD
NSE:RUCHINFRA,NSE,RUCHINFRA,NSE:RUCHINFRA-EQ,INE413B01023,RUCHI INFRASTRUCTURE LTD
NSE:RUCHIRA,NSE,RUCHIRA,NSE:RUCHIRA-EQ,INE803H01014,RUCHIRA PAPERS LIMITED
NSE:RUDRA,NSE,RUDRA,NSE:RUDRA-EQ,INE027T01023,RUDRA GLOBAL INFRA PROD L
NSE:RUNWALENTR,NSE,RUNWALENTR,NSE:RUNWALENTR-EQ,INE804W01029,RUNWAL ENTERPRISES LTD
NSE:RUPA,NSE,RUPA,NSE:RUPA-EQ,INE895B01021,RUPA & COMPANY LTD
NSE:RUSHIL,NSE,RUSHIL,NSE:RUSHIL-EQ,INE573K01025,RUSHIL DECOR LIMITED
NSE:RUSTOMJEE,NSE,RUSTOMJEE,NSE:RUSTOMJEE-EQ,INE263M01029,KEYSTONE REALTORS LIMITED
NSE:RVHL,NSE,RVHL,NSE:RVHL-EQ,INE09E501017,RAVINDER HEIGHTS LIMITED
NSE:RVNL,NSE,RVNL,NSE:RVNL-EQ,INE415G01027,RAIL VIKAS NIGAM LIMITED
NSE:RVTH,NSE,RVTH,NSE:RVTH-EQ,INE0DAB01012,REVATHI EQUIPMENT INDIA L
NSE:S&SPOWER,NSE,S&SPOWER,NSE:S&SPOWER-EQ,INE902B01017,S&S POWER SWITCHGEARS LTD
NSE:SAATVIKGL,NSE,SAATVIKGL,NSE:SAATVIKGL-EQ,INE13B501022,SAATVIK GREEN ENERGY LTD
NSE:SAB,NSE,SAB,NSE:SAB-EQ,INE137M01017,S A B INDUSTRIES LTD.
NSE:SADBHAV,NSE,SADBHAV,NSE:SADBHAV-EQ,INE226H01026,SADBHAV ENGINEERING LTD
NSE:SADBHIN,NSE,SADBHIN,NSE:SADBHIN-EQ,INE764L01010,SADBHAV INFRA PROJ LTD.
NSE:SADHNANIQ,NSE,SADHNANIQ,NSE:SADHNANIQ-BE,INE888C01040,SADHANA NITROCHEM LIMITED
NSE:SAFARI,NSE,SAFARI,NSE:SAFARI-EQ,INE429E01023,SAFARI IND (INDIA) LTD
NSE:SAGARDEEP,NSE,SAGARDEEP,NSE:SAGARDEEP-EQ,INE976T01013,SAGARDEEP ALLOYS LIMITED
NSE:SAGCEM,NSE,SAGCEM,NSE:SAGCEM-EQ,INE229C01021,SAGAR CEMENTS LIMITED
NSE:SAGILITY,NSE,SAGILITY,NSE:SAGILITY-EQ,INE0W2G01015,SAGILITY LIMITED
NSE:SAHLIBHFI,NSE,SAHLIBHFI,NSE:SAHLIBHFI-EQ,INE861D01011,SHALIBHADRA FINANCE LTD
NSE:SAHYADRI,NSE,SAHYADRI,NSE:SAHYADRI-EQ,INE280H01015,SAHYADRI INDUSTRIES LTD
NSE:SAICAPI,NSE,SAICAPI,NSE:SAICAPI-EQ,INE531X01018,SAI CAPITAL LTD.
NSE:SAIL,NSE,SAIL,NSE:SAIL-EQ,INE114A01011,STEEL AUTHORITY OF INDIA
NSE:SAILIFE,NSE,SAILIFE,NSE:SAILIFE-EQ,INE570L01029,SAI LIFE SCIENCES LIMITED
NSE:SAIPARENT,NSE,SAIPARENT,NSE:SAIPARENT-EQ,INE0H9F01037,SAI PARENTERALS LIMITED
NSE:SAKAR,NSE,SAKAR,NSE:SAKAR-EQ,INE732S01012,SAKAR HEALTHCARE LIMITED
NSE:SAKHTISUG,NSE,SAKHTISUG,NSE:SAKHTISUG-EQ,INE623A01011,SAKTHI SUGARS LTD
NSE:SAKSOFT,NSE,SAKSOFT,NSE:SAKSOFT-EQ,INE667G01023,SAKSOFT LIMITED
NSE:SAKUMA,NSE,SAKUMA,NSE:SAKUMA-EQ,INE190H01024,SAKUMA EXPORTS LIMITED
NSE:SALASAR,NSE,SALASAR,NSE:SALASAR-EQ,INE170V01027,SALASAR TECHNO ENGG. LTD.
NSE:SALONA,NSE,SALONA,NSE:SALONA-EQ,INE498E01010,SALONA COTSPIN LTD.
NSE:SALSTEEL,NSE,SALSTEEL,NSE:SALSTEEL-EQ,INE658G01014,S.A.L. STEEL LTD.
NSE:SALZERELEC,NSE,SALZERELEC,NSE:SALZERELEC-EQ,INE457F01013,SALZER ELECTRONICS LTD
NSE:SAMBANDAM,NSE,SAMBANDAM,NSE:SAMBANDAM-EQ,INE304D01012,SAMBANDAM SPINNING MILL L
NSE:SAMBHAAV,NSE,SAMBHAAV,NSE:SAMBHAAV-EQ,INE699B01027,SAMBHAAV MEDIA LTD
NSE:SAMBHV,NSE,SAMBHV,NSE:SAMBHV-EQ,INE12NJ01018,SAMBHV STEEL TUBES LTD
NSE:SAMHI,NSE,SAMHI,NSE:SAMHI-EQ,INE08U801020,SAMHI HOTELS LIMITED
NSE:SAMMAANCAP,NSE,SAMMAANCAP,NSE:SAMMAANCAP-EQ,INE148I01020,SAMMAAN CAPITAL LIMITED
NSE:SAMPANN,NSE,SAMPANN,NSE:SAMPANN-EQ,INE735M01018,SAMPANN UTPADAN INDIA LTD
NSE:SANATHAN,NSE,SANATHAN,NSE:SANATHAN-EQ,INE0JPD01013,SANATHAN TEXTILES LIMITED
NSE:SANDESH,NSE,SANDESH,NSE:SANDESH-EQ,INE583B01015,SANDESH LTD
NSE:SANDHAR,NSE,SANDHAR,NSE:SANDHAR-EQ,INE278H01035,SANDHAR TECHNOLOGIES LTD
NSE:SANDUMA,NSE,SANDUMA,NSE:SANDUMA-EQ,INE149K01016,SANDUR MANG & IRON ORES L
NSE:SANGAMIND,NSE,SANGAMIND,NSE:SANGAMIND-EQ,INE495C01010,SANGAM (INDIA) LTD
NSE:SANGHVIMOV,NSE,SANGHVIMOV,NSE:SANGHVIMOV-EQ,INE989A01032,SANGHVI MOVERS LTD
NSE:SANOFI,NSE,SANOFI,NSE:SANOFI-EQ,INE058A01010,SANOFI INDIA LIMITED
NSE:SANOFICONR,NSE,SANOFICONR,NSE:SANOFICONR-EQ,INE0UOS01011,SANOFI CONS HEALTHC IND L
NSE:SANSERA,NSE,SANSERA,NSE:SANSERA-EQ,INE953O01021,SANSERA ENGINEERING LTD
NSE:SANSTAR,NSE,SANSTAR,NSE:SANSTAR-EQ,INE08NE01025,SANSTAR LIMITED
NSE:SAPPHIRE,NSE,SAPPHIRE,NSE:SAPPHIRE-EQ,INE806T01020,SAPPHIRE FOODS INDIA LTD
NSE:SAPPL,NSE,SAPPL,NSE:SAPPL-EQ,INE185C01017,SHREE AJIT PULP & PAPER L
NSE:SARDAEN,NSE,SARDAEN,NSE:SARDAEN-EQ,INE385C01021,SARDA ENERGY & MIN LTD
NSE:SAREGAMA,NSE,SAREGAMA,NSE:SAREGAMA-EQ,INE979A01025,SAREGAMA INDIA LIMITED
NSE:SARLAPOLY,NSE,SARLAPOLY,NSE:SARLAPOLY-EQ,INE453D01025,SARLA PERF. FIBERS LTD
NSE:SARVESHWAR,NSE,SARVESHWAR,NSE:SARVESHWAR-EQ,INE324X01026,SARVESHWAR FOODS LIMITED
NSE:SASKEN,NSE,SASKEN,NSE:SASKEN-EQ,INE231F01020,SASKEN TECHNOLOGIES LTD
NSE:SATIA,NSE,SATIA,NSE:SATIA-EQ,INE170E01023,SATIA INDUSTRIES LIMITED
NSE:SATIN,NSE,SATIN,NSE:SATIN-EQ,INE836B01017,SATIN CREDIT NET LTD
NSE:SAURASHCEM,NSE,SAURASHCEM,NSE:SAURASHCEM-EQ,INE626A01014,SAURASHTRA CEMENT LIMITED
NSE:SAYAJIHOTL,NSE,SAYAJIHOTL,NSE:SAYAJIHOTL-EQ,INE318C01014,SAYAJI HOTELS LTD.
NSE:SAYAJIIND,NSE,SAYAJIIND,NSE:SAYAJIIND-EQ,INE327G01032,SAYAJI INDUSTRIES LTD.
NSE:SBC,NSE,SBC,NSE:SBC-EQ,INE04AK01028,SBC EXPORTS LIMITED
NSE:SBCL,NSE,SBCL,NSE:SBCL-EQ,INE386D01027,SHIVALIK BIMETAL CON. LTD
NSE:SBFC,NSE,SBFC,NSE:SBFC-EQ,INE423Y01016,SBFC FINANCE LIMITED
NSE:SBGLP,NSE,SBGLP,NSE:SBGLP-EQ,INE05ST01028,SURATWWALA BUS GROUP LTD
NSE:SBICARD,NSE,SBICARD,NSE:SBICARD-EQ,INE018E01016,SBI CARDS & PAY SER LTD
NSE:SBIFUNDS,NSE,SBIFUNDS,NSE:SBIFUNDS-EQ,INE640G01020,SBI FUNDS MANAGEMENT LTD
NSE:SBILIFE,NSE,SBILIFE,NSE:SBILIFE-EQ,INE123W01016,SBI LIFE INSURANCE CO LTD
NSE:SBIN,NSE,SBIN,NSE:SBIN-EQ,INE062A01020,STATE BANK OF INDIA
NSE:SCANSTL,NSE,SCANSTL,NSE:SCANSTL-BE,INE099G01011,SCAN STEELS LTD.
NSE:SCHAEFFLER,NSE,SCHAEFFLER,NSE:SCHAEFFLER-EQ,INE513A01022,SCHAEFFLER INDIA LIMITED
NSE:SCHAND,NSE,SCHAND,NSE:SCHAND-EQ,INE807K01035,S CHAND AND COMPANY LTD
NSE:SCHNEIDER,NSE,SCHNEIDER,NSE:SCHNEIDER-EQ,INE839M01018,SCHNEIDER ELECTRIC INFRA
NSE:SCI,NSE,SCI,NSE:SCI-EQ,INE109A01011,SHIPPING CORP OF INDIA LT
NSE:SCILAL,NSE,SCILAL,NSE:SCILAL-EQ,INE0PB301013,SHIPPING CORP OF ILA LTD
NSE:SCODATUBES,NSE,SCODATUBES,NSE:SCODATUBES-EQ,INE090501011,SCODA TUBES LIMITED
NSE:SCPL,NSE,SCPL,NSE:SCPL-BE,INE501Y01019,SHEETAL COOL PRODUCTS LTD
NSE:SDBL,NSE,SDBL,NSE:SDBL-EQ,INE480C01038,SOM DIST & BREW LTD
NSE:SEAMECLTD,NSE,SEAMECLTD,NSE:SEAMECLTD-EQ,INE497B01018,SEAMEC LIMITED
NSE:SECMARK,NSE,SECMARK,NSE:SECMARK-EQ,INE0BTM01013,SECMARK CONSULTANCY LTD
NSE:SECURKLOUD,NSE,SECURKLOUD,NSE:SECURKLOUD-EQ,INE650K01021,SECUREKLOUD TECH LIMITED
NSE:SEDEMAC,NSE,SEDEMAC,NSE:SEDEMAC-EQ,INE00XB01019,SEDEMAC MECHATRONICS LTD
NSE:SEIL,NSE,SEIL,NSE:SEIL-EQ,INE440T01028,SHANTI EDU INITIATIVES L
NSE:SEJALLTD,NSE,SEJALLTD,NSE:SEJALLTD-EQ,INE955I01044,SEJAL GLASS LIMITED
NSE:SEKURITIND,NSE,SEKURITIND,NSE:SEKURITIND-EQ,INE068B01017,SAINT GOBAIN SEKUR IND L
NSE:SEMAC,NSE,SEMAC,NSE:SEMAC-EQ,INE617A01013,SEMAC CONSTRUCTION LTD
NSE:SENCO,NSE,SENCO,NSE:SENCO-EQ,INE602W01027,SENCO GOLD LIMITED
NSE:SENORES,NSE,SENORES,NSE:SENORES-EQ,INE0RB801010,SENORES PHARMACEUTICALS L
NSE:SEPC,NSE,SEPC,NSE:SEPC-EQ,INE964H01014,SEPC LIMITED
NSE:SERVOTECH,NSE,SERVOTECH,NSE:SERVOTECH-EQ,INE782X01033,SERVOTECH REN POW SYS LTD
NSE:SESHAPAPER,NSE,SESHAPAPER,NSE:SESHAPAPER-EQ,INE630A01024,SESHASAYEE PAPER & BOARDS
NSE:SETCO,NSE,SETCO,NSE:SETCO-BE,INE878E01021,SETCO AUTOMOTIVE LTD
NSE:SETL,NSE,SETL,NSE:SETL-EQ,INE0M4D01010,STANDARD ENGNG TCNLGY LTD
NSE:SEYAIND,NSE,SEYAIND,NSE:SEYAIND-BE,INE573R01012,SEYA INDUSTRIES LIMITED
NSE:SFL,NSE,SFL,NSE:SFL-EQ,INE916U01025,SHEELA FOAM LIMITED
NSE:SGFIN,NSE,SGFIN,NSE:SGFIN-EQ,INE618R01015,SG FINSERVE LIMITED
NSE:SGIL,NSE,SGIL,NSE:SGIL-EQ,INE00QT01015,SYNERGY GREEN IND. LTD
NSE:SGL,NSE,SGL,NSE:SGL-EQ,INE353H01010,STL GLOBAL LIMITED
NSE:SGLRES,NSE,SGLRES,NSE:SGLRES-EQ,INE967B01028,SGL RESOURCES LIMITED
NSE:SGMART,NSE,SGMART,NSE:SGMART-EQ,INE385F01024,SG MART LIMITED
NSE:SGRL,NSE,SGRL,NSE:SGRL-EQ,INE414Y01015,SHREE GANESH REMEDIES LTD
NSE:SHADOWFAX,NSE,SHADOWFAX,NSE:SHADOWFAX-EQ,INE12UN01015,SHADOWFAX TECHNOLOGIES L
NSE:SHAH,NSE,SHAH,NSE:SHAH-EQ,INE482J01021,SHAH METACORP LIMITED
NSE:SHAHALLOYS,NSE,SHAHALLOYS,NSE:SHAHALLOYS-BE,INE640C01011,SHAH ALLOYS LIMITED
NSE:SHAHINVEST,NSE,SHAHINVEST,NSE:SHAHINVEST-BE,INE029N01014,SHAH INVESTORS HOME LTD
NSE:SHAILY,NSE,SHAILY,NSE:SHAILY-EQ,INE151G01028,SHAILY ENG PLASTICS LTD
NSE:SHAKTIPUMP,NSE,SHAKTIPUMP,NSE:SHAKTIPUMP-EQ,INE908D01010,SHAKTI PUMPS (I) LTD
NSE:SHALBY,NSE,SHALBY,NSE:SHALBY-EQ,INE597J01018,SHALBY LIMITED
NSE:SHALPAINTS,NSE,SHALPAINTS,NSE:SHALPAINTS-BE,INE849C01026,SHALIM PAINTS LTD
NSE:SHANKARA,NSE,SHANKARA,NSE:SHANKARA-EQ,INE274V01019,SHANKARA BLDG PRODUCT LTD
NSE:SHANKESH,NSE,SHANKESH,NSE:SHANKESH-EQ,INE1WFC01025,SHANKESH JEWELLERS LTD
NSE:SHANTI,NSE,SHANTI,NSE:SHANTI-EQ,INE933X01016,SHANTI OVERSEAS INDIA LTD
NSE:SHANTIGEAR,NSE,SHANTIGEAR,NSE:SHANTIGEAR-EQ,INE631A01022,SHANTHI GEARS LTD
NSE:SHANTIGOLD,NSE,SHANTIGOLD,NSE:SHANTIGOLD-EQ,INE06ZD01017,SHANTI GOLD INTERNATION L
NSE:SHARDACROP,NSE,SHARDACROP,NSE:SHARDACROP-EQ,INE221J01015,SHARDA CROPCHEM LTD.
NSE:SHARDAMOTR,NSE,SHARDAMOTR,NSE:SHARDAMOTR-EQ,INE597I01028,SHARDA MOTOR INDS LTD
NSE:SHARDUL,NSE,SHARDUL,NSE:SHARDUL-BE,INE037B01020,SHARDUL SECURITIES LTD.
NSE:SHAREINDIA,NSE,SHAREINDIA,NSE:SHAREINDIA-EQ,INE932X01026,SHARE IND. SECURITIES LTD
NSE:SHBAJRG,NSE,SHBAJRG,NSE:SHBAJRG-EQ,INE402H01015,SHRI BAJRANG ALLIANCE L
NSE:SHEKHAWATI,NSE,SHEKHAWATI,NSE:SHEKHAWATI-BE,INE268L01046,SHEKHAWATI INDUSTRIES LTD
NSE:SHEMAROO,NSE,SHEMAROO,NSE:SHEMAROO-EQ,INE363M01019,SHEMAROO ENTER. LTD.
NSE:SHERVANI,NSE,SHERVANI,NSE:SHERVANI-EQ,INE011D01013,SHERVANI INDUSTRIAL SYN L
NSE:SHILCTECH,NSE,SHILCTECH,NSE:SHILCTECH-EQ,INE024F01011,SHILCHAR TECHNOLOGIES LTD
NSE:SHILGRAVQ,NSE,SHILGRAVQ,NSE:SHILGRAVQ-EQ,INE960A01017,SHILP GRAVURES LTD.
NSE:SHILPAMED,NSE,SHILPAMED,NSE:SHILPAMED-EQ,INE790G01031,SHILPA MEDICARE LTD
NSE:SHINDL,NSE,SHINDL,NSE:SHINDL-EQ,INE220Z01013,SHARAT INDUSTRIES LTD.
NSE:SHIPROCKET,NSE,SHIPROCKET,NSE:SHIPROCKET-EQ,INE0FOO01011,SHIPROCKET LIMITED
NSE:SHIVAAGRO,NSE,SHIVAAGRO,NSE:SHIVAAGRO-EQ,INE960E01019,SHIVA GLOBAL AGRO INDS. L
NSE:SHIVACEM,NSE,SHIVACEM,NSE:SHIVACEM-EQ,INE555C01029,SHIVA CEMENT LTD.
NSE:SHIVALIK,NSE,SHIVALIK,NSE:SHIVALIK-EQ,INE788J01021,SHIVALIK RASAYAN LIMITED
NSE:SHIVAMAUTO,NSE,SHIVAMAUTO,NSE:SHIVAMAUTO-EQ,INE637H01024,SHIVAM AUTO.LTD
NSE:SHIVAMILLS,NSE,SHIVAMILLS,NSE:SHIVAMILLS-EQ,INE644Y01017,SHIVA MILLS LIMITED
NSE:SHIVATEX,NSE,SHIVATEX,NSE:SHIVATEX-EQ,INE705C01020,SHIVA TEXYARN LIMITED
NSE:SHIVAUM,NSE,SHIVAUM,NSE:SHIVAUM-EQ,INE719F01016,SHIV AUM STEELS LIMITED
NSE:SHK,NSE,SHK,NSE:SHK-EQ,INE500L01026,S H KELKAR AND CO. LTD.
NSE:SHOPERSTOP,NSE,SHOPERSTOP,NSE:SHOPERSTOP-EQ,INE498B01024,SHOPPERS STOP LIMITED
NSE:SHRADDHA,NSE,SHRADDHA,NSE:SHRADDHA-EQ,INE311M01018,SHRADDHA PRIME PROJECTS L
NSE:SHRADHA,NSE,SHRADHA,NSE:SHRADHA-EQ,INE715Y01031,SHRADHA REALTY LIMITED
NSE:SHREDIGCEM,NSE,SHREDIGCEM,NSE:SHREDIGCEM-EQ,INE232A01011,SHREE DIGVIJAY CEM CO LTD
NSE:SHREECEM,NSE,SHREECEM,NSE:SHREECEM-EQ,INE070A01015,SHREE CEMENT LIMITED
NSE:SHREEJISPG,NSE,SHREEJISPG,NSE:SHREEJISPG-EQ,INE1B6101010,SHREEJI SHIPPING GLOBAL L
NSE:SHREEPUSHK,NSE,SHREEPUSHK,NSE:SHREEPUSHK-EQ,INE712K01011,SHRE PUSH CHEM & FERT LTD
NSE:SHREERAMA,NSE,SHREERAMA,NSE:SHREERAMA-EQ,INE879A01019,SHREE RAMA MULTI TECH LTD
NSE:SHREYANIND,NSE,SHREYANIND,NSE:SHREYANIND-EQ,INE231C01019,SHREYANS INDUSTRIES LTD
NSE:SHRIKRISH,NSE,SHRIKRISH,NSE:SHRIKRISH-EQ,INE997I01012,SHRI KRISHNA DEVCON LTD.
NSE:SHRINGARMS,NSE,SHRINGARMS,NSE:SHRINGARMS-EQ,INE1B3L01017,SHRINGAR HOU OF MANGALS L
NSE:SHRIPISTON,NSE,SHRIPISTON,NSE:SHRIPISTON-EQ,INE526E01018,SPR AUTO TECHNOLOGIES LTD
NSE:SHRIRAMFIN,NSE,SHRIRAMFIN,NSE:SHRIRAMFIN-EQ,INE721A01047,SHRIRAM FINANCE LIMITED
NSE:SHRIRAMPPS,NSE,SHRIRAMPPS,NSE:SHRIRAMPPS-EQ,INE217L01019,SHRIRAM PROPERTIES LTD
NSE:SHRJAGP,NSE,SHRJAGP,NSE:SHRJAGP-EQ,INE564J01026,SHRI JAGDAMBA POLYMERS L
NSE:SHUKRAPHAR,NSE,SHUKRAPHAR,NSE:SHUKRAPHAR-EQ,INE551C01044,SHUKRA PHARMACEUTICALS L
NSE:SHYAMCENT,NSE,SHYAMCENT,NSE:SHYAMCENT-EQ,INE979R01011,SHYAM CENTURY FERROUS LTD
NSE:SHYAMMETL,NSE,SHYAMMETL,NSE:SHYAMMETL-EQ,INE810G01011,SHYAM METALICS AND ENGY L
NSE:SHYAMTEL,NSE,SHYAMTEL,NSE:SHYAMTEL-EQ,INE635A01023,SHYAM TELECOM LIMITED
NSE:SICAGEN,NSE,SICAGEN,NSE:SICAGEN-EQ,INE176J01011,SICAGEN INDIA LIMITED
NSE:SICALLOG,NSE,SICALLOG,NSE:SICALLOG-BE,INE075B01020,SICAL LOGISTICS LIMITED
NSE:SIEL,NSE,SIEL,NSE:SIEL-EQ,INE843L01012,SUPERIOR INDUSTRIAL ENT L
NSE:SIEMENS,NSE,SIEMENS,NSE:SIEMENS-EQ,INE003A01024,SIEMENS LTD
NSE:SIGACHI,NSE,SIGACHI,NSE:SIGACHI-EQ,INE0D0K01022,SIGACHI INDUSTRIES LTD
NSE:SIGIND,NSE,SIGIND,NSE:SIGIND-BE,INE529F01035,SIGNET INDUSTRIES LIMITED
NSE:SIGMA,NSE,SIGMA,NSE:SIGMA-EQ,INE0A0S01028,SIGMA SOLVE LIMITED
NSE:SIGMAADV,NSE,SIGMAADV,NSE:SIGMAADV-BE,INE933B01012,SIGMA ADVANCED SYSTEM LTD
NSE:SIGNATURE,NSE,SIGNATURE,NSE:SIGNATURE-EQ,INE903U01023,SIGNATUREGLOBAL INDIA LTD
NSE:SIGNPOST,NSE,SIGNPOST,NSE:SIGNPOST-EQ,INE0KGZ01021,SIGNPOST INDIA LIMITED
NSE:SIKA,NSE,SIKA,NSE:SIKA-EQ,INE438E01032,SIKA INTERPLANT SYSTEMS L
NSE:SIKKO,NSE,SIKKO,NSE:SIKKO-BE,INE112X01025,SIKKO INDUSTRIES LIMITED
NSE:SIL,NSE,SIL,NSE:SIL-EQ,INE173A01025,STANDARD INDUSTRIES LTD.
NSE:SILGO,NSE,SILGO,NSE:SILGO-EQ,INE01II01013,SILGO RETAIL LIMITED
NSE:SILINV,NSE,SILINV,NSE:SILINV-EQ,INE923A01015,SIL INVESTMENTS LIMITED
NSE:SILVERTUC,NSE,SILVERTUC,NSE:SILVERTUC-EQ,INE625X01026,SILVER TOUCH TECHNO LTD
NSE:SIMPLEXINF,NSE,SIMPLEXINF,NSE:SIMPLEXINF-EQ,INE059B01024,SIMPLEX INFRASTRUCTURES L
NSE:SIMPLXREA,NSE,SIMPLXREA,NSE:SIMPLXREA-EQ,INE167H01014,SIMPLEX REALTY LTD.
NSE:SINCLAIR,NSE,SINCLAIR,NSE:SINCLAIR-EQ,INE985A01022,SINCLAIRS HOTELS LIMITED
NSE:SINDHUTRAD,NSE,SINDHUTRAD,NSE:SINDHUTRAD-EQ,INE325D01025,SINDHU TRADE LINKS LTD
NSE:SINGERIND,NSE,SINGERIND,NSE:SINGERIND-EQ,INE638A01035,SINGER INDIA LIMITED
NSE:SINTERCOM,NSE,SINTERCOM,NSE:SINTERCOM-EQ,INE129Z01016,SINTERCOM INDIA LIMITED
NSE:SIRCA,NSE,SIRCA,NSE:SIRCA-EQ,INE792Z01011,SIRCA PAINT INDIA LIMITED
NSE:SIS,NSE,SIS,NSE:SIS-EQ,INE285J01028,SIS LIMITED
NSE:SIYSIL,NSE,SIYSIL,NSE:SIYSIL-EQ,INE076B01028,SIYARAM SILK MILLS LTD
NSE:SJS,NSE,SJS,NSE:SJS-EQ,INE284S01014,SJS ENTERPRISES LIMITED
NSE:SJVN,NSE,SJVN,NSE:SJVN-EQ,INE002L01015,SJVN LTD
NSE:SKFINDIA,NSE,SKFINDIA,NSE:SKFINDIA-EQ,INE640A01023,SKF INDIA LTD
NSE:SKFINDUS,NSE,SKFINDUS,NSE:SKFINDUS-EQ,INE2J8701016,SKF IND (INDUSTRIAL) LTD
NSE:SKIPPER,NSE,SKIPPER,NSE:SKIPPER-EQ,INE439E01022,SKIPPER LIMITED
NSE:SKMEGGPROD,NSE,SKMEGGPROD,NSE:SKMEGGPROD-EQ,INE411D01023,SKM EGG PROD EXPORT(I) LT
NSE:SKYGOLD,NSE,SKYGOLD,NSE:SKYGOLD-EQ,INE01IU01018,SKY GOLD AND DIAMONDS LTD
NSE:SKYWAYS,NSE,SKYWAYS,NSE:SKYWAYS-EQ,INE0PX301025,SKYWAYS AIR SERVICES LTD
NSE:SMARTLINK,NSE,SMARTLINK,NSE:SMARTLINK-BE,INE178C01020,SMARTLINK HOLDINGS LTD
NSE:SMARTWORKS,NSE,SMARTWORKS,NSE:SMARTWORKS-EQ,INE0NAZ01010,SMARTWORKS COWORKING SP L
NSE:SMCGLOBAL,NSE,SMCGLOBAL,NSE:SMCGLOBAL-EQ,INE103C01036,SMC GLOBAL SECURITIES LTD
NSE:SMLMAH,NSE,SMLMAH,NSE:SMLMAH-EQ,INE294B01019,SML MAHINDRA LIMITED
NSE:SMLT,NSE,SMLT,NSE:SMLT-EQ,INE017W01010,SARTHAK METALS LIMITED
NSE:SMSPHARMA,NSE,SMSPHARMA,NSE:SMSPHARMA-EQ,INE812G01025,SMS PHARMACEUTICALS LTD.
NSE:SNOWMAN,NSE,SNOWMAN,NSE:SNOWMAN-EQ,INE734N01019,SNOWMAN LOGISTICS LTD.
NSE:SOBHA,NSE,SOBHA,NSE:SOBHA-EQ,INE671H01015,SOBHA LIMITED
NSE:SOFTTECH,NSE,SOFTTECH,NSE:SOFTTECH-EQ,INE728Z01015,SOFTTECH ENGINEERS LTD
NSE:SOLARA,NSE,SOLARA,NSE:SOLARA-EQ,INE624Z01016,SOLARA ACTIVE PHA SCI LTD
NSE:SOLARINDS,NSE,SOLARINDS,NSE:SOLARINDS-EQ,INE343H01029,SOLAR INDUSTRIES (I) LTD
NSE:SOLARWORLD,NSE,SOLARWORLD,NSE:SOLARWORLD-EQ,INE0TY101024,SOLARWORLD ENERGY SOL LTD
NSE:SOLEX,NSE,SOLEX,NSE:SOLEX-EQ,INE880Y01017,SOLEX ENERGY LIMITED
NSE:SOMANYCERA,NSE,SOMANYCERA,NSE:SOMANYCERA-EQ,INE355A01028,SOMANY CERAMICS LIMITED
NSE:SOMATEX,NSE,SOMATEX,NSE:SOMATEX-EQ,INE314C01013,SOMA TEXTILES & INDUST LT
NSE:SOMICONVEY,NSE,SOMICONVEY,NSE:SOMICONVEY-EQ,INE323J01019,SOMI CONVEYOR BELT. LTD.
NSE:SONA,NSE,SONA,NSE:SONA-BE,INE0LLZ01011,SONASELECTION INDIA LTD
NSE:SONACOMS,NSE,SONACOMS,NSE:SONACOMS-EQ,INE073K01018,SONA BLW PRECISION FRGS L
NSE:SONAL,NSE,SONAL,NSE:SONAL-EQ,INE321M01017,SONAL MERCANTILE LTD.
NSE:SONAMLTD,NSE,SONAMLTD,NSE:SONAMLTD-BE,INE00LM01029,SONAM LIMITED
NSE:SONATSOFTW,NSE,SONATSOFTW,NSE:SONATSOFTW-EQ,INE269A01021,SONATA SOFTWARE LTD
NSE:SOTL,NSE,SOTL,NSE:SOTL-EQ,INE035D01020,SAVITA OIL TECHNOLO. LTD
NSE:SOUTHBANK,NSE,SOUTHBANK,NSE:SOUTHBANK-EQ,INE683A01023,THE SOUTH INDIAN BANK LTD
NSE:SOUTHWEST,NSE,SOUTHWEST,NSE:SOUTHWEST-EQ,INE980Y01015,SOUTH WEST PINNACLE LTD
NSE:SPAL,NSE,SPAL,NSE:SPAL-EQ,INE212I01016,S. P. APPARELS LIMITED
NSE:SPANDANA,NSE,SPANDANA,NSE:SPANDANA-EQ,INE572J01011,SPANDANA SPHOORTY FIN LTD
NSE:SPARC,NSE,SPARC,NSE:SPARC-EQ,INE232I01014,SUN PHARMA ADV.RES.CO.LTD
NSE:SPCENET,NSE,SPCENET,NSE:SPCENET-EQ,INE970N01027,SPACENET ENTERS IND LTD
NSE:SPECIALITY,NSE,SPECIALITY,NSE:SPECIALITY-BE,INE247M01014,SPECIALITY REST LTD
NSE:SPECTRUM,NSE,SPECTRUM,NSE:SPECTRUM-BE,INE01EO01010,SPECTRUM ELECTRIC IND LTD
NSE:SPENCERS,NSE,SPENCERS,NSE:SPENCERS-EQ,INE020801028,SPENCER S RETAIL LIMITED
NSE:SPIC,NSE,SPIC,NSE:SPIC-EQ,INE147A01011,SPIC LTD
NSE:SPLIL,NSE,SPLIL,NSE:SPLIL-EQ,INE978G01016,SPL INDUSTRIES LIMITED
NSE:SPLPETRO,NSE,SPLPETRO,NSE:SPLPETRO-EQ,INE663A01033,SUPREME PETROCHEM LIMITED
NSE:SPMLINFRA,NSE,SPMLINFRA,NSE:SPMLINFRA-EQ,INE937A01023,SPML INFRA LIMITED
NSE:SPORTKING,NSE,SPORTKING,NSE:SPORTKING-EQ,INE885H01029,SPORTKING INDIA LIMITED
NSE:SRD,NSE,SRD,NSE:SRD-EQ,INE01NE01012,SHANKAR LAL RAMPAL LTD
NSE:SREEL,NSE,SREEL,NSE:SREEL-BE,INE099F01013,SREELEATHERS LIMITED
NSE:SRF,NSE,SRF,NSE:SRF-EQ,INE647A01010,SRF LTD
NSE:SRGHFL,NSE,SRGHFL,NSE:SRGHFL-EQ,INE559N01010,SRG HOUSING FINANCE L
NSE:SRHHYPOLTD,NSE,SRHHYPOLTD,NSE:SRHHYPOLTD-EQ,INE917H01012,SREE RAYALSEEMA HHP LTD.
NSE:SRIKPRIND,NSE,SRIKPRIND,NSE:SRIKPRIND-BE,INE009C01019,SRI KPR INDUSTRIES LTD.
NSE:SRIT,NSE,SRIT,NSE:SRIT-BE,INE307K01028,SRIT INDIA LIMITED
NSE:SRM,NSE,SRM,NSE:SRM-EQ,INE0R6Z01013,SRM CONTRACTORS LIMITED
NSE:SRTL,NSE,SRTL,NSE:SRTL-EQ,INE19GK01015,SHREE RAM TWISTEX LIMITED
NSE:SSDL,NSE,SSDL,NSE:SSDL-EQ,INE0PQ101010,SARASWATI SAREE DEPOT LTD
NSE:SSRETAIL,NSE,SSRETAIL,NSE:SSRETAIL-EQ,INE1EQW01028,SS RETAIL LIMITED
NSE:SSWL,NSE,SSWL,NSE:SSWL-EQ,INE802C01033,STEEL STRIPS WHEELS LTD.
NSE:STALLION,NSE,STALLION,NSE:STALLION-BE,INE0RYC01010,STALLION IND FLUOROCHEM L
NSE:STANLEY,NSE,STANLEY,NSE:STANLEY-EQ,INE01A001028,STANLEY LIFESTYLES LTD
NSE:STAR,NSE,STAR,NSE:STAR-EQ,INE939A01011,STRIDES PHARMA SCI LTD
NSE:STARCEMENT,NSE,STARCEMENT,NSE:STARCEMENT-EQ,INE460H01021,STAR CEMENT LIMITED
NSE:STARHEALTH,NSE,STARHEALTH,NSE:STARHEALTH-EQ,INE575P01011,STAR HEALTH & AL INS CO L
NSE:STARPAPER,NSE,STARPAPER,NSE:STARPAPER-EQ,INE733A01018,STAR PAPER MILLS LTD
NSE:STARTECK,NSE,STARTECK,NSE:STARTECK-EQ,INE992I01013,STARTECK FINANCE LIMITED
NSE:STCINDIA,NSE,STCINDIA,NSE:STCINDIA-EQ,INE655A01013,THE STATE TRADING CORPN
NSE:STEAMHOUSE,NSE,STEAMHOUSE,NSE:STEAMHOUSE-EQ,INE0FRO01022,STEAMHOUSE INDIA LIMITED
NSE:STEELCAS,NSE,STEELCAS,NSE:STEELCAS-EQ,INE124E01038,STEELCAST LIMITED
NSE:STEELCITY,NSE,STEELCITY,NSE:STEELCITY-EQ,INE395H01011,STEEL CITY SECURITIES LTD
NSE:STEELXIND,NSE,STEELXIND,NSE:STEELXIND-EQ,INE503B01021,STEEL EXCHANGE INDIA LTD
NSE:STEL,NSE,STEL,NSE:STEL-EQ,INE577L01016,STEL HOLDINGS LIMITED
NSE:STERTOOLS,NSE,STERTOOLS,NSE:STERTOOLS-EQ,INE334A01023,STERLING TOOLS LIMITED
NSE:STLNETWORK,NSE,STLNETWORK,NSE:STLNETWORK-EQ,INE1VXE01018,STL NETWORKS LIMITED
NSE:STLSTRINF,NSE,STLSTRINF,NSE:STLSTRINF-EQ,INE205F01016,STEEL STRIPS INFRA L
NSE:STLTECH,NSE,STLTECH,NSE:STLTECH-BE,INE089C01029,STERLITE TECHNOLOGIES LTD
NSE:STOVEKRAFT,NSE,STOVEKRAFT,NSE:STOVEKRAFT-EQ,INE00IN01015,STOVE KRAFT LIMITED
NSE:STUDDS,NSE,STUDDS,NSE:STUDDS-EQ,INE00Q601028,STUDDS ACCESSORIES LTD
NSE:STYL,NSE,STYL,NSE:STYL-EQ,INE04VU01023,SESHAASAI TECHNOLOGIES L
NSE:STYLAMIND,NSE,STYLAMIND,NSE:STYLAMIND-EQ,INE239C01020,STYLAM INDUSTRIES LIMITED
NSE:STYLEBAAZA,NSE,STYLEBAAZA,NSE:STYLEBAAZA-EQ,INE01FR01028,BAAZAR STYLE RETAIL LTD
NSE:STYRENIX,NSE,STYRENIX,NSE:STYRENIX-EQ,INE189B01011,STYRENIX PERFORMANCE LTD
NSE:SUBEXLTD,NSE,SUBEXLTD,NSE:SUBEXLTD-EQ,INE754A01055,SUBEX LTD
NSE:SUBROS,NSE,SUBROS,NSE:SUBROS-EQ,INE287B01021,SUBROS LIMITED
NSE:SUDARCOLOR,NSE,SUDARCOLOR,NSE:SUDARCOLOR-EQ,INE492A01029,SUDARSHAN COLORNT IND LTD
NSE:SUDARSCHEM,NSE,SUDARSCHEM,NSE:SUDARSCHEM-EQ,INE659A01023,SUDARSHAN CHEMICAL INDS L
NSE:SUDEEPPHRM,NSE,SUDEEPPHRM,NSE:SUDEEPPHRM-EQ,INE0QPI01025,SUDEEP PHARMA LIMITED
NSE:SUKHJITS,NSE,SUKHJITS,NSE:SUKHJITS-EQ,INE450E01029,SUKHJIT STARCH & CHEM LTD
NSE:SULA,NSE,SULA,NSE:SULA-EQ,INE142Q01026,SULA VINEYARDS LIMITED
NSE:SUMEDHA,NSE,SUMEDHA,NSE:SUMEDHA-EQ,INE886B01012,SUMEDHA FISCAL SERVICES L
NSE:SUMEETINDS,NSE,SUMEETINDS,NSE:SUMEETINDS-EQ,INE235C01036,SUMEET IND LIMITED
NSE:SUMICHEM,NSE,SUMICHEM,NSE:SUMICHEM-EQ,INE258G01013,SUMITOMO CHEM INDIA LTD
NSE:SUMIT,NSE,SUMIT,NSE:SUMIT-EQ,INE748Z01013,SUMIT WOODS LIMITED
NSE:SUMMITSEC,NSE,SUMMITSEC,NSE:SUMMITSEC-EQ,INE519C01017,SUMMIT SECURITIES LTD
NSE:SUNCLAY,NSE,SUNCLAY,NSE:SUNCLAY-EQ,INE0Q3R01026,SUNDARAM CLAYTON LIMITED
NSE:SUNDARAM,NSE,SUNDARAM,NSE:SUNDARAM-EQ,INE108E01023,SUNDARAM MULTI PAP LTD
NSE:SUNDARMFIN,NSE,SUNDARMFIN,NSE:SUNDARMFIN-EQ,INE660A01013,SUNDARAM FINANCE LTD
NSE:SUNDRMBRAK,NSE,SUNDRMBRAK,NSE:SUNDRMBRAK-EQ,INE073D01013,SUNDARAM BRAK LININGS LTD
NSE:SUNDRMFAST,NSE,SUNDRMFAST,NSE:SUNDRMFAST-EQ,INE387A01021,SUNDRAM FASTENERS LTD
NSE:SUNDROP,NSE,SUNDROP,NSE:SUNDROP-EQ,INE209A01019,SUNDROP BRANDS LIMITED
NSE:SUNFLAG,NSE,SUNFLAG,NSE:SUNFLAG-EQ,INE947A01014,SUNFLAG IRON AND STEEL CO
NSE:SUNLOC,NSE,SUNLOC,NSE:SUNLOC-EQ,INE671C01016,SUNIL HEALTHCARE LTD.
NSE:SUNPHARMA,NSE,SUNPHARMA,NSE:SUNPHARMA-EQ,INE044A01036,SUN PHARMACEUTICAL IND L
NSE:SUNRAKSHAK,NSE,SUNRAKSHAK,NSE:SUNRAKSHAK-EQ,INE671K01027,SUNRAKSHAKK INDUS IND L
NSE:SUNSHIEL,NSE,SUNSHIEL,NSE:SUNSHIEL-EQ,INE199E01014,SUNSHIELD CHEMICALS LTD.
NSE:SUNSHINE,NSE,SUNSHINE,NSE:SUNSHINE-EQ,INE1B3O01011,SUNSHINE PICTURES LIMITED
NSE:SUNTECK,NSE,SUNTECK,NSE:SUNTECK-EQ,INE805D01034,SUNTECK REALTY LIMITED
NSE:SUNTV,NSE,SUNTV,NSE:SUNTV-EQ,INE424H01027,SUN TV NETWORK LIMITED
NSE:SUPERHOUSE,NSE,SUPERHOUSE,NSE:SUPERHOUSE-EQ,INE712B01010,SUPERHOUSE LIMITED
NSE:SUPERSPIN,NSE,SUPERSPIN,NSE:SUPERSPIN-BE,INE662A01027,SUPER SPINNING MILLS LTD
NSE:SUPRAJIT,NSE,SUPRAJIT,NSE:SUPRAJIT-EQ,INE399C01030,SUPRAJIT ENGINEERING LTD
NSE:SUPREME,NSE,SUPREME,NSE:SUPREME-EQ,INE822E01011,SUPREME HOLDIN N HOSP I L
NSE:SUPREMEIND,NSE,SUPREMEIND,NSE:SUPREMEIND-EQ,INE195A01028,SUPREME INDUSTRIES LTD
NSE:SUPREMEINF,NSE,SUPREMEINF,NSE:SUPREMEINF-EQ,INE550H01011,SUPREME INFRA. LTD.
NSE:SUPRIYA,NSE,SUPRIYA,NSE:SUPRIYA-EQ,INE07RO01027,SUPRIYA LIFESCIENCE LTD
NSE:SUPTANERY,NSE,SUPTANERY,NSE:SUPTANERY-BE,INE460D01038,SUPER TANNERY LTD.
NSE:SURAJEST,NSE,SURAJEST,NSE:SURAJEST-EQ,INE843S01025,SURAJ ESTATE DEVELOPERS L
NSE:SURAJLTD,NSE,SURAJLTD,NSE:SURAJLTD-EQ,INE713C01016,SURAJ LIMITED
NSE:SURAKSHA,NSE,SURAKSHA,NSE:SURAKSHA-EQ,INE877V01027,SURAKSHA DIAGNOSTIC LTD
NSE:SURANASOL,NSE,SURANASOL,NSE:SURANASOL-EQ,INE272L01022,SURANA SOLAR LIMITED
NSE:SURANAT&P,NSE,SURANAT&P,NSE:SURANAT&P-EQ,INE130B01031,SURANA TELECOM AND POW LT
NSE:SURYALA,NSE,SURYALA,NSE:SURYALA-EQ,INE132C01027,SURYALATA SPINNING MILL L
NSE:SURYALAXMI,NSE,SURYALAXMI,NSE:SURYALAXMI-EQ,INE713B01026,SURYALAKSHMI COT MIL LTD
NSE:SURYAROSNI,NSE,SURYAROSNI,NSE:SURYAROSNI-EQ,INE335A01020,SURYA ROSHNI LTD
NSE:SURYODAY,NSE,SURYODAY,NSE:SURYODAY-EQ,INE428Q01011,SURYODAY SMALL FIN BK LTD
NSE:SUTLEJTEX,NSE,SUTLEJTEX,NSE:SUTLEJTEX-EQ,INE645H01027,SUTLEJ TEXT & INDUS LTD
NSE:SUVEN,NSE,SUVEN,NSE:SUVEN-EQ,INE495B01038,SUVEN LIFE SCIENCES LTD
NSE:SUVIDHAA,NSE,SUVIDHAA,NSE:SUVIDHAA-EQ,INE018401013,SUVIDHAA INFOSERVE LTD
NSE:SUYOG,NSE,SUYOG,NSE:SUYOG-EQ,INE442P01014,SUYOG TELEMATICS LIMITED
NSE:SUZLON,NSE,SUZLON,NSE:SUZLON-EQ,INE040H01021,SUZLON ENERGY LIMITED
NSE:SVGLOBAL,NSE,SVGLOBAL,NSE:SVGLOBAL-EQ,INE159L01013,S V GLOBAL MILL LTD.
NSE:SVLL,NSE,SVLL,NSE:SVLL-EQ,INE00CE01017,SHREE VASU LOGISTICS LTD
NSE:SVPGLOB,NSE,SVPGLOB,NSE:SVPGLOB-EQ,INE308E01029,SVP GLOBAL TEXTILES LTD
NSE:SWANCORP,NSE,SWANCORP,NSE:SWANCORP-EQ,INE665A01038,SWAN CORP LIMITED
NSE:SWANDEF,NSE,SWANDEF,NSE:SWANDEF-BE,INE542F01020,SWAN DEFENCE N HEVY IND L
NSE:SWARAJ,NSE,SWARAJ,NSE:SWARAJ-BE,INE0GMR01016,SWARAJ SUITING LIMITED
NSE:SWARAJENG,NSE,SWARAJENG,NSE:SWARAJENG-EQ,INE277A01016,SWARAJ ENGINES LTD
NSE:SWARNSAR,NSE,SWARNSAR,NSE:SWARNSAR-EQ,INE967A01012,SWARNSARITA JEWELS IND L
NSE:SWASTIKAIN,NSE,SWASTIKAIN,NSE:SWASTIKAIN-BE,INE1QJA01015,SWASTIKA INFRA LIMITED
NSE:SWELECTES,NSE,SWELECTES,NSE:SWELECTES-EQ,INE409B01013,SWELECT ENERGY SYS LTD
NSE:SWIGGY,NSE,SWIGGY,NSE:SWIGGY-EQ,INE00H001014,SWIGGY LIMITED
NSE:SWISSMLTRY,NSE,SWISSMLTRY,NSE:SWISSMLTRY-BE,INE010C01025,SWISS MILITARY CON GOOD L
NSE:SWSOLAR,NSE,SWSOLAR,NSE:SWSOLAR-EQ,INE00M201021,STRLNG & WIL REN ENE LTD
NSE:SYMBIOTEC,NSE,SYMBIOTEC,NSE:SYMBIOTEC-EQ,INE899I01028,SYMBIOTEC PHARMALAB LTD
NSE:SYMPHONY,NSE,SYMPHONY,NSE:SYMPHONY-EQ,INE225D01027,SYMPHONY LIMITED
NSE:SYNCOMF,NSE,SYNCOMF,NSE:SYNCOMF-EQ,INE312C01025,SYNCOM FORMU (I) LTD
NSE:SYNGENE,NSE,SYNGENE,NSE:SYNGENE-EQ,INE398R01022,SYNGENE INTERNATIONAL LTD
NSE:SYRMA,NSE,SYRMA,NSE:SYRMA-EQ,INE0DYJ01015,SYRMA SGS TECHNOLOGY LTD
NSE:SYSTMTXC,NSE,SYSTMTXC,NSE:SYSTMTXC-BE,INE356B01024,SYSTEMATIX CORP SERVICE L
NSE:TAALTECH,NSE,TAALTECH,NSE:TAALTECH-EQ,INE524T01029,TAAL TECH LTD.
NSE:TAINWALCHM,NSE,TAINWALCHM,NSE:TAINWALCHM-EQ,INE123C01018,TAINWALA CHEMICAL AND PLA
NSE:TAJGVK,NSE,TAJGVK,NSE:TAJGVK-EQ,INE586B01026,TAJ GVK HOTELS & RESORTS
NSE:TAKE,NSE,TAKE,NSE:TAKE-EQ,INE142I01023,TAKE LIMITED
NSE:TALBROAUTO,NSE,TALBROAUTO,NSE:TALBROAUTO-EQ,INE187D01029,TALBROS AUTO. COMP. LTD
NSE:TAMBOLIIN,NSE,TAMBOLIIN,NSE:TAMBOLIIN-BE,INE864J01012,TAMBOLI INDUSTRIES LTD.
NSE:TANAA,NSE,TANAA,NSE:TANAA-EQ,INE692C01020,TANEJA AEROSPACE & AVIA L
NSE:TANLA,NSE,TANLA,NSE:TANLA-EQ,INE483C01032,TANLA PLATFORMS LIMITED
NSE:TARACHAND,NSE,TARACHAND,NSE:TARACHAND-EQ,INE555Z01020,TARA CHAND INFRA SOLN LTD
NSE:TARAPUR,NSE,TARAPUR,NSE:TARAPUR-EQ,INE747K01017,TARAPUR TRANSFORMERS LTD
NSE:TARC,NSE,TARC,NSE:TARC-EQ,INE0EK901012,TARC LIMITED
NSE:TARIL,NSE,TARIL,NSE:TARIL-EQ,INE763I01026,TRANS & RECTI. LTD
NSE:TARMAT,NSE,TARMAT,NSE:TARMAT-EQ,INE924H01018,TARMAT LIMITED
NSE:TARSONS,NSE,TARSONS,NSE:TARSONS-EQ,INE144Z01023,TARSONS PRODUCTS LIMITED
NSE:TASTYBITE,NSE,TASTYBITE,NSE:TASTYBITE-EQ,INE488B01017,TASTY BITE EATABLES LTD
NSE:TATACAP,NSE,TATACAP,NSE:TATACAP-EQ,INE976I01016,TATA CAPITAL LIMITED
NSE:TATACHEM,NSE,TATACHEM,NSE:TATACHEM-EQ,INE092A01019,TATA CHEMICALS LTD
NSE:TATACOMM,NSE,TATACOMM,NSE:TATACOMM-EQ,INE151A01013,TATA COMMUNICATIONS LTD
NSE:TATACONSUM,NSE,TATACONSUM,NSE:TATACONSUM-EQ,INE192A01025,TATA CONSUMER PRODUCT LTD
NSE:TATAELXSI,NSE,TATAELXSI,NSE:TATAELXSI-EQ,INE670A01012,TATA ELXSI LIMITED
NSE:TATAINVEST,NSE,TATAINVEST,NSE:TATAINVEST-EQ,INE672A01026,TATA INVESTMENT CORP LTD
NSE:TATAPOWER,NSE,TATAPOWER,NSE:TATAPOWER-EQ,INE245A01021,TATA POWER CO LTD
NSE:TATASTEEL,NSE,TATASTEEL,NSE:TATASTEEL-EQ,INE081A01020,TATA STEEL LIMITED
NSE:TATATECH,NSE,TATATECH,NSE:TATATECH-EQ,INE142M01025,TATA TECHNOLOGIES LIMITED
NSE:TATVA,NSE,TATVA,NSE:TATVA-EQ,INE0GK401011,TATVA CHIN PHARM CHEM LTD
NSE:TBOTEK,NSE,TBOTEK,NSE:TBOTEK-EQ,INE673O01025,TBO TEK LIMITED
NSE:TBZ,NSE,TBZ,NSE:TBZ-BE,INE760L01018,TRIB BHIMJI ZAVERI LTD
NSE:TCC,NSE,TCC,NSE:TCC-EQ,INE887D01024,TCC CONCEPT LIMITED
NSE:TCI,NSE,TCI,NSE:TCI-EQ,INE688A01022,TRANSPORT CORPN OF INDIA
NSE:TCIEXP,NSE,TCIEXP,NSE:TCIEXP-EQ,INE586V01016,TCI EXPRESS LIMITED
NSE:TCIFINANCE,NSE,TCIFINANCE,NSE:TCIFINANCE-EQ,INE911B01018,TCI FINANCE LTD
NSE:TCPLPACK,NSE,TCPLPACK,NSE:TCPLPACK-EQ,INE822C01015,TCPL PACKAGING LIMITED
NSE:TCS,NSE,TCS,NSE:TCS-EQ,INE467B01029,TATA CONSULTANCY SERV LT
NSE:TDPOWERSYS,NSE,TDPOWERSYS,NSE:TDPOWERSYS-EQ,INE419M01035,TD POWER SYSTEMS LTD.
NSE:TEAMGTY,NSE,TEAMGTY,NSE:TEAMGTY-EQ,INE289C01025,TEAM INDIA GUARANTY LTD
NSE:TEAMLEASE,NSE,TEAMLEASE,NSE:TEAMLEASE-EQ,INE985S01024,TEAMLEASE SERVICES LTD.
NSE:TECHM,NSE,TECHM,NSE:TECHM-EQ,INE669C01036,TECH MAHINDRA LIMITED
NSE:TECHNOCRAF,NSE,TECHNOCRAF,NSE:TECHNOCRAF-EQ,INE1D0W01018,TECHNOCRAFT VENTURES LTD
NSE:TECHNOE,NSE,TECHNOE,NSE:TECHNOE-EQ,INE285K01026,TECHNO ELEC & ENG CO. LTD
NSE:TECHNVISN,NSE,TECHNVISN,NSE:TECHNVISN-EQ,INE314H01012,TECHNVISION VENTURES LTD.
NSE:TECILCHEM,NSE,TECILCHEM,NSE:TECILCHEM-EQ,INE014B01011,TECIL CHEMICALS
NSE:TEGA,NSE,TEGA,NSE:TEGA-EQ,INE011K01018,TEGA INDUSTRIES LIMITED
NSE:TEJASNET,NSE,TEJASNET,NSE:TEJASNET-EQ,INE010J01012,TEJAS NETWORKS LIMITED
NSE:TEMBO,NSE,TEMBO,NSE:TEMBO-EQ,INE869Y01028,TEMBO GLOBAL IND LTD
NSE:TEMPSENS,NSE,TEMPSENS,NSE:TEMPSENS-EQ,INE1KZI01025,TEMPSENS INST (INDIA) LTD
NSE:TENNIND,NSE,TENNIND,NSE:TENNIND-EQ,INE19RI01016,TENNECO CLEAN AIR INDIA L
NSE:TERAI,NSE,TERAI,NSE:TERAI-EQ,INE390D01011,TERAI TEA CO. LTD.
NSE:TERASOFT,NSE,TERASOFT,NSE:TERASOFT-EQ,INE482B01010,TERA SOFTWARE LIMITED
NSE:TEXINFRA,NSE,TEXINFRA,NSE:TEXINFRA-EQ,INE435C01024,TEXMACO INFRA & HOLDG LTD
NSE:TEXMOPIPES,NSE,TEXMOPIPES,NSE:TEXMOPIPES-EQ,INE141K01013,TEXMO PIPE & PRODUCTS LTD
NSE:TEXRAIL,NSE,TEXRAIL,NSE:TEXRAIL-EQ,INE621L01012,TEXMACO RAIL & ENG. LTD.
NSE:TFCILTD,NSE,TFCILTD,NSE:TFCILTD-EQ,INE305A01023,TOURISM FINANCE CORP. OF
NSE:TFL,NSE,TFL,NSE:TFL-EQ,INE804H01012,TRANSWARRANTY FIN. LTD.
NSE:TGBHOTELS,NSE,TGBHOTELS,NSE:TGBHOTELS-EQ,INE797H01018,TGB BANQUETS&HOTELS LTD
NSE:TGVSL,NSE,TGVSL,NSE:TGVSL-EQ,INE284B01028,T G V SRAAC LTD.
NSE:THACKER,NSE,THACKER,NSE:THACKER-EQ,INE077P01034,THACKER & CO. LTD.
NSE:THAKDEV,NSE,THAKDEV,NSE:THAKDEV-EQ,INE403F01017,THAKKERS DEVELOPERS LTD.
NSE:THANGAMAYL,NSE,THANGAMAYL,NSE:THANGAMAYL-EQ,INE085J01014,THANGAMAYIL JEWELLERY LTD
NSE:THEINVEST,NSE,THEINVEST,NSE:THEINVEST-EQ,INE924D01017,THE INVEST TRUST OF IND L
NSE:THEJO,NSE,THEJO,NSE:THEJO-EQ,INE121N01019,THEJO ENGINEERING LIMITED
NSE:THELEELA,NSE,THELEELA,NSE:THELEELA-EQ,INE0AQ201015,LEELA PALACES HOTEL LTD
NSE:THEMISMED,NSE,THEMISMED,NSE:THEMISMED-EQ,INE083B01024,THEMIS MEDICARE LTD.
NSE:THERMAX,NSE,THERMAX,NSE:THERMAX-EQ,INE152A01029,THERMAX LTD
NSE:THOMASCOOK,NSE,THOMASCOOK,NSE:THOMASCOOK-EQ,INE332A01027,THOMAS COOK (INDIA) LTD
NSE:THOMASCOTT,NSE,THOMASCOTT,NSE:THOMASCOTT-EQ,INE480M01011,THOMAS SCOTT (INDIA) LTD
NSE:THYROCARE,NSE,THYROCARE,NSE:THYROCARE-EQ,INE594H01019,THYROCARE TECH LTD
NSE:TI,NSE,TI,NSE:TI-EQ,INE133E01013,TILAKNAGAR INDUSTRIES LTD
NSE:TICL,NSE,TICL,NSE:TICL-BE,INE388G01026,TWAMEV CONS AND INFRA LTD
NSE:TIGERLOGS,NSE,TIGERLOGS,NSE:TIGERLOGS-EQ,INE906O01029,TIGER LOGISTICS (INDIA) L
NSE:TIIL,NSE,TIIL,NSE:TIIL-EQ,INE545H01011,TECHNOCRAFT IND LTD
NSE:TIINDIA,NSE,TIINDIA,NSE:TIINDIA-EQ,INE974X01010,TUBE INVEST OF INDIA LTD
NSE:TIJARIA,NSE,TIJARIA,NSE:TIJARIA-BE,INE440L01017,TIJARIA POLYPIPES LTD
NSE:TIL,NSE,TIL,NSE:TIL-BE,INE806C01018,TIL LTD
NSE:TIMETECHNO,NSE,TIMETECHNO,NSE:TIMETECHNO-EQ,INE508G01029,TIME TECHNOPLAST LTD.
NSE:TIMEX,NSE,TIMEX,NSE:TIMEX-EQ,INE064A01026,TIMEX GROUP INDIA LTD.
NSE:TIMKEN,NSE,TIMKEN,NSE:TIMKEN-EQ,INE325A01013,TIMKEN INDIA LTD.
NSE:TINNARUBR,NSE,TINNARUBR,NSE:TINNARUBR-EQ,INE015C01016,TINNA RUBBER AND INFR LTD
NSE:TIPSFILMS,NSE,TIPSFILMS,NSE:TIPSFILMS-EQ,INE0LQS01015,TIPS FILMS LIMITED
NSE:TIPSMUSIC,NSE,TIPSMUSIC,NSE:TIPSMUSIC-EQ,INE716B01029,TIPS MUSIC LIMITED
NSE:TIRUMALCHM,NSE,TIRUMALCHM,NSE:TIRUMALCHM-EQ,INE338A01024,THIRUMALAI CHEMICALS LTD
NSE:TIRUPATIFL,NSE,TIRUPATIFL,NSE:TIRUPATIFL-BE,INE319Y01024,TIRUPATI FORGE LIMITED
NSE:TITAGARH,NSE,TITAGARH,NSE:TITAGARH-EQ,INE615H01020,TITAGARH RAIL SYSTEMS LTD
NSE:TITAN,NSE,TITAN,NSE:TITAN-EQ,INE280A01028,TITAN COMPANY LIMITED
NSE:TMB,NSE,TMB,NSE:TMB-EQ,INE668A01016,TAMILNAD MERCA BANK LTD
NSE:TMCV,NSE,TMCV,NSE:TMCV-EQ,INE1TAE01010,TATA MOTORS LIMITED
NSE:TMPV,NSE,TMPV,NSE:TMPV-EQ,INE155A01022,TATA MOTORS PASS VEH LTD
NSE:TNPETRO,NSE,TNPETRO,NSE:TNPETRO-EQ,INE148A01019,TAMILNADU PETROPRODUCTS L
NSE:TNPL,NSE,TNPL,NSE:TNPL-EQ,INE107A01015,TAMILNADU NEWSPRT & PAPER
NSE:TNTELE,NSE,TNTELE,NSE:TNTELE-BE,INE141D01018,TAMILNADU TELECOMMUNICATI
NSE:TOKYOPLAST,NSE,TOKYOPLAST,NSE:TOKYOPLAST-EQ,INE932C01012,TOKYO PLAST INTL LTD
NSE:TOLINS,NSE,TOLINS,NSE:TOLINS-EQ,INE0RWQ01014,TOLINS TYRES LIMITED
NSE:TORNTPHARM,NSE,TORNTPHARM,NSE:TORNTPHARM-EQ,INE685A01028,TORRENT PHARMACEUTICALS L
NSE:TORNTPOWER,NSE,TORNTPOWER,NSE:TORNTPOWER-EQ,INE813H01021,TORRENT POWER LTD
NSE:TOTAL,NSE,TOTAL,NSE:TOTAL-BE,INE336X01012,TOTAL TRANSPORT SYS LTD
NSE:TOUCHWOOD,NSE,TOUCHWOOD,NSE:TOUCHWOOD-EQ,INE486Y01013,TOUCHWOOD ENTERTAIN LTD.
NSE:TOYAMSL,NSE,TOYAMSL,NSE:TOYAMSL-EQ,INE457P01020,TOYAM SPORTS LTD.
NSE:TPHQ,NSE,TPHQ,NSE:TPHQ-BE,INE065J01024,TEAMO PRODUCTIONS HQ LTD
NSE:TPLPLASTEH,NSE,TPLPLASTEH,NSE:TPLPLASTEH-EQ,INE413G01022,TPL PLASTECH LIMITED
NSE:TRACXN,NSE,TRACXN,NSE:TRACXN-EQ,INE0HMF01019,TRACXN TECHNOLOGIES LTD
NSE:TRANSCOR,NSE,TRANSCOR,NSE:TRANSCOR-EQ,INE330E01023,TRANSCORP INTERNATIONAL L
NSE:TRANSPEK,NSE,TRANSPEK,NSE:TRANSPEK-BE,INE687A01016,TRANSPEK INDUSTRIES LTD
NSE:TRANSRAILL,NSE,TRANSRAILL,NSE:TRANSRAILL-EQ,INE454P01035,TRANSRAIL LIGHTING LTD
NSE:TRANSWORLD,NSE,TRANSWORLD,NSE:TRANSWORLD-BE,INE757B01015,TRANSWORLD SHIP LINES LTD
NSE:TRAVELFOOD,NSE,TRAVELFOOD,NSE:TRAVELFOOD-EQ,INE103V01028,TRAVEL FOOD SERVICES LTD
NSE:TREEHOUSE,NSE,TREEHOUSE,NSE:TREEHOUSE-EQ,INE040M01013,TREE HOUSE EDU LTD
NSE:TREJHARA,NSE,TREJHARA,NSE:TREJHARA-EQ,INE00CA01015,TREJHARA SOLUTIONS LTD
NSE:TREL,NSE,TREL,NSE:TREL-EQ,INE0O3901029,TRANSINDIA REAL ESTATE L
NSE:TRENT,NSE,TRENT,NSE:TRENT-EQ,INE849A01020,TRENT LTD
NSE:TRF,NSE,TRF,NSE:TRF-EQ,INE391D01019,TRF LIMITED
NSE:TRIDENT,NSE,TRIDENT,NSE:TRIDENT-EQ,INE064C01022,TRIDENT LIMITED
NSE:TRIGYN,NSE,TRIGYN,NSE:TRIGYN-EQ,INE948A01012,TRIGYN TECHNOLOGIES LTD
NSE:TRITONV,NSE,TRITONV,NSE:TRITONV-EQ,INE440G01017,TRITON VALVES LTD.
NSE:TRITURBINE,NSE,TRITURBINE,NSE:TRITURBINE-EQ,INE152M01016,TRIVENI TURBINE LIMITED
NSE:TRIVENI,NSE,TRIVENI,NSE:TRIVENI-EQ,INE256C01024,TRIVENI ENGG. & INDS. LTD
NSE:TRU,NSE,TRU,NSE:TRU-EQ,INE615R01029,TRUCAP FINANCE LIMITED
NSE:TRUALT,NSE,TRUALT,NSE:TRUALT-EQ,INE0MWH01014,TRUALT BIOENERGY LIMITED
NSE:TSFINV,NSE,TSFINV,NSE:TSFINV-EQ,INE202Z01029,TSF INVESTMENTS LIMITED
NSE:TTKHLTCARE,NSE,TTKHLTCARE,NSE:TTKHLTCARE-EQ,INE910C01018,TTK HEALTHCARE LIMITED
NSE:TTKPRESTIG,NSE,TTKPRESTIG,NSE:TTKPRESTIG-EQ,INE690A01028,TTK PRESTIGE LTD
NSE:TTL,NSE,TTL,NSE:TTL-EQ,INE592B01024,T T LIMITED
NSE:TTML,NSE,TTML,NSE:TTML-EQ,INE517B01013,TATA TELESERV(MAHARASTRA)
NSE:TURTLEMINT,NSE,TURTLEMINT,NSE:TURTLEMINT-EQ,INE0OC301013,TURTLEMINT FINTECH SOLS L
NSE:TUTIALKA,NSE,TUTIALKA,NSE:TUTIALKA-EQ,INE400A01014,TUTICORIN ALKAL CH & FE L
NSE:TVSELECT,NSE,TVSELECT,NSE:TVSELECT-EQ,INE236G01019,TVS ELECTRONICS LTD
NSE:TVSHLTD,NSE,TVSHLTD,NSE:TVSHLTD-EQ,INE105A01035,TVS HOLDINGS LIMITED
NSE:TVSMOTOR,NSE,TVSMOTOR,NSE:TVSMOTOR-EQ,INE494B01023,TVS MOTOR COMPANY  LTD
NSE:TVSSCS,NSE,TVSSCS,NSE:TVSSCS-EQ,INE395N01027,TVS SUPPLY CHAIN SOL L
NSE:TVSSRICHAK,NSE,TVSSRICHAK,NSE:TVSSRICHAK-EQ,INE421C01016,TVS SRICHAKRA LIMITED
NSE:TVTODAY,NSE,TVTODAY,NSE:TVTODAY-EQ,INE038F01029,TV TODAY NETWORK LTD
NSE:TVVISION,NSE,TVVISION,NSE:TVVISION-BE,INE871L01013,TV VISION LIMITED
NSE:UBL,NSE,UBL,NSE:UBL-EQ,INE686F01025,UNITED BREWERIES LTD
NSE:UCAL,NSE,UCAL,NSE:UCAL-BE,INE139B01016,UCAL LIMITED
NSE:UCOBANK,NSE,UCOBANK,NSE:UCOBANK-EQ,INE691A01018,UCO BANK
NSE:UDAYJEW,NSE,UDAYJEW,NSE:UDAYJEW-EQ,INE551B01012,UDAY JEWELLERY INDS. LTD.
NSE:UDS,NSE,UDS,NSE:UDS-EQ,INE851I01011,UPDATER SERVICES LIMITED
NSE:UEL,NSE,UEL,NSE:UEL-EQ,INE899L01030,UJAAS ENERGY LIMITED
NSE:UFBL,NSE,UFBL,NSE:UFBL-BE,INE382M01027,UNITED FOODBRANDS LIMITED
NSE:UFLEX,NSE,UFLEX,NSE:UFLEX-EQ,INE516A01017,UFLEX LIMITED
NSE:UFO,NSE,UFO,NSE:UFO-EQ,INE527H01019,UFO MOVIEZ INDIA LTD.
NSE:UGARSUGAR,NSE,UGARSUGAR,NSE:UGARSUGAR-BE,INE071E01023,THE UGAR SUGAR WORKS LTD
NSE:UGROCAP,NSE,UGROCAP,NSE:UGROCAP-EQ,INE583D01011,UGRO CAPITAL LIMITED
NSE:UJJIVANSFB,NSE,UJJIVANSFB,NSE:UJJIVANSFB-EQ,INE551W01018,UJJIVAN SMALL FINANC BANK
NSE:ULTRACEMCO,NSE,ULTRACEMCO,NSE:ULTRACEMCO-EQ,INE481G01011,ULTRATECH CEMENT LIMITED
NSE:ULTRAMAR,NSE,ULTRAMAR,NSE:ULTRAMAR-EQ,INE405A01021,ULTRAMARINE & PIGMENTS L
NSE:UMAEXPORTS,NSE,UMAEXPORTS,NSE:UMAEXPORTS-BE,INE0GIU01018,UMA EXPORTS LIMITED
NSE:UMESLTD,NSE,UMESLTD,NSE:UMESLTD-EQ,INE240C01028,USHA MARTIN EDU & SOL LTD
NSE:UMIYA-MRO,NSE,UMIYA-MRO,NSE:UMIYA-MRO-EQ,INE398B01018,UMIYA BUILDCON LIMITED
NSE:UNICHEMLAB,NSE,UNICHEMLAB,NSE:UNICHEMLAB-EQ,INE351A01035,UNICHEM LABORATORIES LTD
NSE:UNIDT,NSE,UNIDT,NSE:UNIDT-EQ,INE961D01019,UNITED DRILLING TOOLS LTD
NSE:UNIECOM,NSE,UNIECOM,NSE:UNIECOM-EQ,INE00U401027,UNICOMMERCE ESOLUTIONS L
NSE:UNIENTER,NSE,UNIENTER,NSE:UNIENTER-EQ,INE037A01022,UNIPHOS ENTERPRISES LTD
NSE:UNIINFO,NSE,UNIINFO,NSE:UNIINFO-EQ,INE481Z01011,UNIINFO TELECOM SERVI LTD
NSE:UNIMECH,NSE,UNIMECH,NSE:UNIMECH-EQ,INE0U3I01011,UNIMECH AEROSPACE N MFG L
NSE:UNIONBANK,NSE,UNIONBANK,NSE:UNIONBANK-EQ,INE692A01016,UNION BANK OF INDIA
NSE:UNIPARTS,NSE,UNIPARTS,NSE:UNIPARTS-EQ,INE244O01017,UNIPARTS INDIA LIMITED
NSE:UNITDSPR,NSE,UNITDSPR,NSE:UNITDSPR-EQ,INE854D01024,UNITED SPIRITS LIMITED
NSE:UNITECH,NSE,UNITECH,NSE:UNITECH-EQ,INE694A01020,UNITECH LTD
NSE:UNITEDPOLY,NSE,UNITEDPOLY,NSE:UNITEDPOLY-EQ,INE368U01029,UNITED POLYFAB GUJ. LTD.
NSE:UNITEDTEA,NSE,UNITEDTEA,NSE:UNITEDTEA-EQ,INE458F01011,UNITED NILGIRI TEA LTD
NSE:UNIVASTU,NSE,UNIVASTU,NSE:UNIVASTU-BE,INE562X01013,UNIVASTU INDIA LIMITED
NSE:UNIVCABLES,NSE,UNIVCABLES,NSE:UNIVCABLES-EQ,INE279A01012,UNIVERSAL CABLES LTD
NSE:UNIVPHOTO,NSE,UNIVPHOTO,NSE:UNIVPHOTO-BE,INE03V001013,UNIVERSUS IMAGINGS LTD
NSE:UNOMINDA,NSE,UNOMINDA,NSE:UNOMINDA-EQ,INE405E01023,UNO MINDA LIMITED
NSE:UPHOT,NSE,UPHOT,NSE:UPHOT-EQ,INE726E01014,U P HOTELS LTD.
NSE:UPL,NSE,UPL,NSE:UPL-EQ,INE628A01036,UPL LIMITED
NSE:URAVIDEF,NSE,URAVIDEF,NSE:URAVIDEF-BE,INE568Z01015,URAVI DEFENCE &TECH LTD
NSE:URBANCO,NSE,URBANCO,NSE:URBANCO-EQ,INE0CAZ01013,URBAN COMPANY LIMITED
NSE:URJA,NSE,URJA,NSE:URJA-EQ,INE550C01020,URJA GLOBAL LIMITED
NSE:USHAMART,NSE,USHAMART,NSE:USHAMART-EQ,INE228A01035,USHA MARTIN LTD.
NSE:USK,NSE,USK,NSE:USK-EQ,INE0N0Y01013,UDAYSHIVAKUMAR INFRA LTD
NSE:UTIAMC,NSE,UTIAMC,NSE:UTIAMC-EQ,INE094J01016,UTI ASSET MNGMT CO LTD
NSE:UTKARSHBNK,NSE,UTKARSHBNK,NSE:UTKARSHBNK-EQ,INE735W01017,UTKARSH SMALL FIN BANK L
NSE:UTLSOLAR,NSE,UTLSOLAR,NSE:UTLSOLAR-EQ,INE12UR01024,FUJIYAMA POWER SYSTEMS L
NSE:UTTAMSUGAR,NSE,UTTAMSUGAR,NSE:UTTAMSUGAR-EQ,INE786F01031,UTTAM SUGAR MILLS LTD.
NSE:UYFINCORP,NSE,UYFINCORP,NSE:UYFINCORP-BE,INE152C01025,U. Y. FINCORP LIMITED
NSE:V2RETAIL,NSE,V2RETAIL,NSE:V2RETAIL-EQ,INE945H01021,V2 RETAIL LIMITED
NSE:VADILALIND,NSE,VADILALIND,NSE:VADILALIND-EQ,INE694D01016,VADILAL INDUSTRIES LTD
NSE:VADILENT,NSE,VADILENT,NSE:VADILENT-EQ,INE693D01018,VADILAL ENTERPRISES LTD.
NSE:VAIBHAVGBL,NSE,VAIBHAVGBL,NSE:VAIBHAVGBL-EQ,INE884A01027,VAIBHAV GLOBAL LIMITED
NSE:VAISHALI,NSE,VAISHALI,NSE:VAISHALI-EQ,INE972X01022,VAISHALI PHARMA LIMITED
NSE:VAKRANGEE,NSE,VAKRANGEE,NSE:VAKRANGEE-EQ,INE051B01021,VAKRANGEE LIMITED
NSE:VALIANTLAB,NSE,VALIANTLAB,NSE:VALIANTLAB-BE,INE0JWS01017,VALIANT LABORATORIES LTD
NSE:VALIANTORG,NSE,VALIANTORG,NSE:VALIANTORG-EQ,INE565V01010,VALIANT ORGANICS LIMITED
NSE:VAML,NSE,VAML,NSE:VAML-EQ,INE1CDF01017,VEDANTA ALUMINIUM METAL L
NSE:VARDHACRLC,NSE,VARDHACRLC,NSE:VARDHACRLC-EQ,INE116G01013,VARDHAMAN ACRYLICS LTD
NSE:VARDMNPOLY,NSE,VARDMNPOLY,NSE:VARDMNPOLY-EQ,INE835A01029,VARDHMAN POLYTEX LTD.
NSE:VARMORA,NSE,VARMORA,NSE:VARMORA-EQ,INE0M5301040,VARMORA GRANITO LIMITED
NSE:VARROC,NSE,VARROC,NSE:VARROC-EQ,INE665L01035,VARROC ENGINEERING LTD.
NSE:VASCONEQ,NSE,VASCONEQ,NSE:VASCONEQ-EQ,INE893I01013,VASCON ENGINEERS LTD
NSE:VASUPRADA,NSE,VASUPRADA,NSE:VASUPRADA-EQ,INE574G01013,SHRI VASUPRADA PLANTATI L
NSE:VASWANI,NSE,VASWANI,NSE:VASWANI-EQ,INE590L01019,VASWANI IND LTD
NSE:VBL,NSE,VBL,NSE:VBL-EQ,INE200M01039,VARUN BEVERAGES LIMITED
NSE:VCL,NSE,VCL,NSE:VCL-BE,INE098201036,VAXTEX COTFAB LIMITED
NSE:VEDAVAAG,NSE,VEDAVAAG,NSE:VEDAVAAG-EQ,INE359B01010,VEDAVAAG SYSTEMS LTD.
NSE:VEDL,NSE,VEDL,NSE:VEDL-EQ,INE205A01025,VEDANTA LIMITED
NSE:VEDPOWER,NSE,VEDPOWER,NSE:VEDPOWER-EQ,INE694L01019,VEDANTA POWER LIMITED
NSE:VEEDOL,NSE,VEEDOL,NSE:VEEDOL-EQ,INE484C01030,VEEDOL CORPORATION LTD
NSE:VEEGALAND,NSE,VEEGALAND,NSE:VEEGALAND-EQ,INE1JTV01015,VEEGALAND DEVELOPERS LTD
NSE:VELJAN,NSE,VELJAN,NSE:VELJAN-BE,INE232E01013,VELJAN DENISON LTD.
NSE:VENKEYS,NSE,VENKEYS,NSE:VENKEYS-EQ,INE398A01010,VENKY S (INDIA) LIMITED
NSE:VENTIVE,NSE,VENTIVE,NSE:VENTIVE-EQ,INE781S01027,VENTIVE HOSPITALITY LTD
NSE:VENUSPIPES,NSE,VENUSPIPES,NSE:VENUSPIPES-EQ,INE0JA001018,VENUS PIPES & TUBES LTD
NSE:VENUSREM,NSE,VENUSREM,NSE:VENUSREM-BE,INE411B01019,VENUS REMEDIES LIMITED
NSE:VERANDA,NSE,VERANDA,NSE:VERANDA-BE,INE0IQ001011,VERANDA LEARNING SOL LTD
NSE:VERTOZ,NSE,VERTOZ,NSE:VERTOZ-EQ,INE188Y01031,VERTOZ LIMITED
NSE:VESUVIUS,NSE,VESUVIUS,NSE:VESUVIUS-EQ,INE386A01023,VESUVIUS INDIA LTD
NSE:VETO,NSE,VETO,NSE:VETO-EQ,INE918N01018,VETO SWITCHGEAR CABLE LTD
NSE:VGCL,NSE,VGCL,NSE:VGCL-EQ,INE761Q01015,VIBRANT GLOBAL CAPITAL L
NSE:VGL,NSE,VGL,NSE:VGL-EQ,INE273D01027,VARVEE GLOBAL LIMITED
NSE:VGUARD,NSE,VGUARD,NSE:VGUARD-EQ,INE951I01027,V-GUARD IND LTD.
NSE:VHL,NSE,VHL,NSE:VHL-EQ,INE701A01023,VARDHMAN HOLDINGS LIMITED
NSE:VHLTD,NSE,VHLTD,NSE:VHLTD-BE,INE048C01025,VICEROY HOTELS LIMITED
NSE:VIDHIING,NSE,VIDHIING,NSE:VIDHIING-EQ,INE632C01026,VIDHI SPCLTY F INGRDNTS L
NSE:VIDYAWIRES,NSE,VIDYAWIRES,NSE:VIDYAWIRES-EQ,INE14UN01029,VIDYA WIRES LIMITED
NSE:VIJAYA,NSE,VIJAYA,NSE:VIJAYA-EQ,INE043W01024,VIJAYA DIAGNOSTIC CEN LTD
NSE:VIJIFIN,NSE,VIJIFIN,NSE:VIJIFIN-BE,INE159N01027,VIJI FINANCE LIMITED
NSE:VIJSOLX,NSE,VIJSOLX,NSE:VIJSOLX-EQ,INE362D01010,VIJAY SOLVEX LTD.
NSE:VIKASECO,NSE,VIKASECO,NSE:VIKASECO-EQ,INE806A01020,VIKAS ECOTECH LIMITED
NSE:VIKASLIFE,NSE,VIKASLIFE,NSE:VIKASLIFE-EQ,INE161L01027,VIKAS LIFECARE LIMITED
NSE:VIKRAMSOLR,NSE,VIKRAMSOLR,NSE:VIKRAMSOLR-EQ,INE078V01014,VIKRAM SOLAR LIMITED
NSE:VIKRAN,NSE,VIKRAN,NSE:VIKRAN-EQ,INE01R501028,VIKRAN ENGINEERING LTD
NSE:VIMTALABS,NSE,VIMTALABS,NSE:VIMTALABS-EQ,INE579C01029,VIMTA LABS LIMITED
NSE:VINATIORGA,NSE,VINATIORGA,NSE:VINATIORGA-EQ,INE410B01037,VINATI ORGANICS LTD
NSE:VINCOFE,NSE,VINCOFE,NSE:VINCOFE-EQ,INE498Q01014,VINTAGE COFFEE N BVRGS L
NSE:VINDHYATEL,NSE,VINDHYATEL,NSE:VINDHYATEL-EQ,INE707A01012,VINDHYA TELELINKS LTD
NSE:VINEETLAB,NSE,VINEETLAB,NSE:VINEETLAB-EQ,INE505Y01010,VINEET LABORATORIES LTD
NSE:VINNY,NSE,VINNY,NSE:VINNY-EQ,INE01KI01027,VINNY OVERSEAS LIMITED
NSE:VINYLINDIA,NSE,VINYLINDIA,NSE:VINYLINDIA-EQ,INE250B01029,VINYL CHEMICALS (I) LTD.
NSE:VIPCLOTHNG,NSE,VIPCLOTHNG,NSE:VIPCLOTHNG-EQ,INE450G01024,VIP CLOTHING LIMITED
NSE:VIPIND,NSE,VIPIND,NSE:VIPIND-EQ,INE054A01027,VIP INDUSTRIES LTD
NSE:VIPULLTD,NSE,VIPULLTD,NSE:VIPULLTD-BE,INE946H01037,VIPUL LIMITED
NSE:VIRAT,NSE,VIRAT,NSE:VIRAT-EQ,INE467D01017,VIRAT INDUSTRIES LTD.
NSE:VIRINCHI,NSE,VIRINCHI,NSE:VIRINCHI-EQ,INE539B01017,VIRINCHI LIMITED
NSE:VIRTUALG,NSE,VIRTUALG,NSE:VIRTUALG-BE,INE247C01023,VIRTUAL GLOBAL EDU LTD
NSE:VISACHROME,NSE,VISACHROME,NSE:VISACHROME-EQ,INE286H01012,VISA CHROME LIMITED
NSE:VISAKAIND,NSE,VISAKAIND,NSE:VISAKAIND-BE,INE392A01021,VISAKA INDUSTRIES LTD
NSE:VISHAL,NSE,VISHAL,NSE:VISHAL-EQ,INE755Q01025,VISHAL FABRICS LTD.
NSE:VISHNU,NSE,VISHNU,NSE:VISHNU-EQ,INE270I01022,VISHNU CHEMICALS LIMITED
NSE:VISHWARAJ,NSE,VISHWARAJ,NSE:VISHWARAJ-EQ,INE430N01022,VISHWARAJ SUGAR IND LTD
NSE:VISL,NSE,VISL,NSE:VISL-EQ,INE1CLE01013,VEDANTA IRON AND STEEL L
NSE:VITAL,NSE,VITAL,NSE:VITAL-EQ,INE0L4K01016,VITAL CHEMTECH LIMITED
NSE:VIVIANA,NSE,VIVIANA,NSE:VIVIANA-EQ,INE0MEG01014,VIVIANA POWER TECH LTD
NSE:VIVIDHA,NSE,VIVIDHA,NSE:VIVIDHA-EQ,INE370E01029,VISAGAR POLYTEX LTD
NSE:VIVIMEDLAB,NSE,VIVIMEDLAB,NSE:VIVIMEDLAB-BE,INE526G01021,VIVIMED LABS LIMITED
NSE:VIVOBIOT,NSE,VIVOBIOT,NSE:VIVOBIOT-EQ,INE380K01017,VIVO BIO TECH LTD.
NSE:VIYASH,NSE,VIYASH,NSE:VIYASH-EQ,INE807F01027,VIYASH SCIENTIFIC LIMITED
NSE:VLEGOV,NSE,VLEGOV,NSE:VLEGOV-EQ,INE03HW01020,VL E GOV AND IT SOL LTD
NSE:VLSFINANCE,NSE,VLSFINANCE,NSE:VLSFINANCE-EQ,INE709A01018,VLS FINANCE LTD
NSE:VMART,NSE,VMART,NSE:VMART-EQ,INE665J01013,VMART RETAIL LTD
NSE:VMM,NSE,VMM,NSE:VMM-EQ,INE01EA01019,VISHAL MEGA MART LIMITED
NSE:VMSTMT,NSE,VMSTMT,NSE:VMSTMT-EQ,INE0SJA01013,VMS TMT LIMITED
NSE:VOEPL,NSE,VOEPL,NSE:VOEPL-EQ,INE0I0T01010,VIRTUOSO OPTOELECTRONIC L
NSE:VOGL,NSE,VOGL,NSE:VOGL-EQ,INE704J01044,VEDANTA OIL AND GAS LTD
NSE:VOITHPAPR,NSE,VOITHPAPR,NSE:VOITHPAPR-EQ,INE285C01015,VOITH PAPER FABRICS IND L
NSE:VOLTAMP,NSE,VOLTAMP,NSE:VOLTAMP-EQ,INE540H01012,VOLTAMP TRANSFORMERS LTD
NSE:VOLTAS,NSE,VOLTAS,NSE:VOLTAS-EQ,INE226A01021,VOLTAS LTD
NSE:VPRPL,NSE,VPRPL,NSE:VPRPL-EQ,INE0AE001013,VISHNU PRAKASH R PUNGLI L
NSE:VRAJ,NSE,VRAJ,NSE:VRAJ-EQ,INE0S2V01010,VRAJ IRON AND STEEL LTD
NSE:VRLLOG,NSE,VRLLOG,NSE:VRLLOG-EQ,INE366I01010,VRL LOGISTICS LIMITED
NSE:VSSL,NSE,VSSL,NSE:VSSL-EQ,INE050M01012,VARDHMAN SPC STEEL LTD
NSE:VSTIND,NSE,VSTIND,NSE:VSTIND-EQ,INE710A01016,VST INDUSTRIES LTD
NSE:VSTL,NSE,VSTL,NSE:VSTL-EQ,INE0QTF01015,VIBHOR STEEL TUBES LTD
NSE:VSTTILLERS,NSE,VSTTILLERS,NSE:VSTTILLERS-EQ,INE764D01017,VST TILLERS TRACTORS LTD
NSE:VTL,NSE,VTL,NSE:VTL-EQ,INE825A01020,VARDHMAN TEXTILES LIMITED
NSE:VTMLTD,NSE,VTMLTD,NSE:VTMLTD-EQ,INE222F01029,V T M LTD.
NSE:WAAREEENER,NSE,WAAREEENER,NSE:WAAREEENER-EQ,INE377N01017,WAAREE ENERGIES LIMITED
NSE:WAAREEINDO,NSE,WAAREEINDO,NSE:WAAREEINDO-EQ,INE866K01023,INDOSOLAR LIMITED
NSE:WAAREERTL,NSE,WAAREERTL,NSE:WAAREERTL-EQ,INE299N01021,WAAREE RENEWABLE TECH LTD
NSE:WABAG,NSE,WABAG,NSE:WABAG-EQ,INE956G01038,VA TECH WABAG LTD
NSE:WAKEFIT,NSE,WAKEFIT,NSE:WAKEFIT-EQ,INE0E7301029,WAKEFIT INNOVATIONS LTD
NSE:WALCHANNAG,NSE,WALCHANNAG,NSE:WALCHANNAG-EQ,INE711A01022,WALCHANDNAGAR INDUSTRIES
NSE:WANBURY,NSE,WANBURY,NSE:WANBURY-EQ,INE107F01022,WANBURY LIMITED
NSE:WATERBASE,NSE,WATERBASE,NSE:WATERBASE-EQ,INE054C01015,WATERBASE LTD.
NSE:WCIL,NSE,WCIL,NSE:WCIL-EQ,INE0CJF01024,WESTERN CARRIERS (IND) L
NSE:WEALTH,NSE,WEALTH,NSE:WEALTH-EQ,INE658T01017,WEALTH FRST PORT. MG. LTD
NSE:WEBELSOLAR,NSE,WEBELSOLAR,NSE:WEBELSOLAR-EQ,INE855C01023,WEBSOL ENERGY SYSTEM LTD
NSE:WEIZMANIND,NSE,WEIZMANIND,NSE:WEIZMANIND-EQ,INE080A01014,WEIZMANN LTD
NSE:WEL,NSE,WEL,NSE:WEL-EQ,INE02WG01024,WONDER ELECTRICALS LTD
NSE:WELCORP,NSE,WELCORP,NSE:WELCORP-EQ,INE191B01025,WELSPUN CORP LIMITED
NSE:WELENT,NSE,WELENT,NSE:WELENT-EQ,INE625G01013,WELSPUN ENTERPRISES LTD.
NSE:WELINV,NSE,WELINV,NSE:WELINV-BE,INE389K01018,WELSPUN INV & COMM LTD
NSE:WELSPLSOL,NSE,WELSPLSOL,NSE:WELSPLSOL-EQ,INE731F01037,WELSPUN SPECIALTY SOL L
NSE:WELSPUNLIV,NSE,WELSPUNLIV,NSE:WELSPUNLIV-EQ,INE192B01031,WELSPUN LIVING LIMITED
NSE:WENDT,NSE,WENDT,NSE:WENDT-EQ,INE274C01019,WENDT (INDIA) LIMITED
NSE:WESTLIFE,NSE,WESTLIFE,NSE:WESTLIFE-EQ,INE274F01020,WESTLIFE FOODWORLD LTD
NSE:WEWIN,NSE,WEWIN,NSE:WEWIN-EQ,INE082W01014,WE WIN LIMITED
NSE:WEWORK,NSE,WEWORK,NSE:WEWORK-EQ,INE085001019,WEWORK INDIA MANAGEMENT L
NSE:WHBRADY,NSE,WHBRADY,NSE:WHBRADY-EQ,INE855A01019,W H BRADY & CO. LTD.
NSE:WHEELS,NSE,WHEELS,NSE:WHEELS-EQ,INE715A01015,WHEELS INDIA LTD
NSE:WHIRLPOOL,NSE,WHIRLPOOL,NSE:WHIRLPOOL-EQ,INE716A01013,WHIRLPOOL OF INDIA LTD
NSE:WILLAMAGOR,NSE,WILLAMAGOR,NSE:WILLAMAGOR-EQ,INE210A01017,WILLIAMSON MAGOR
NSE:WINDLAS,NSE,WINDLAS,NSE:WINDLAS-EQ,INE0H5O01029,WINDLAS BIOTECH LIMITED
NSE:WINDMACHIN,NSE,WINDMACHIN,NSE:WINDMACHIN-EQ,INE052A01021,WINDSOR MACHINES LIMITED
NSE:WIPL,NSE,WIPL,NSE:WIPL-EQ,INE215F01023,THE WESTERN INDIA PLY LTD
NSE:WIPRO,NSE,WIPRO,NSE:WIPRO-EQ,INE075A01022,WIPRO LTD
NSE:WOCKPHARMA,NSE,WOCKPHARMA,NSE:WOCKPHARMA-EQ,INE049B01025,WOCKHARDT LIMITED
NSE:WONDERLA,NSE,WONDERLA,NSE:WONDERLA-EQ,INE066O01014,WONDERLA HOLIDAYS LTD.
NSE:WORTHPERI,NSE,WORTHPERI,NSE:WORTHPERI-EQ,INE196Y01018,WORTH PERIPHERALS LIMITED
NSE:WPIL,NSE,WPIL,NSE:WPIL-EQ,INE765D01022,W P I L LTD.
NSE:WSI,NSE,WSI,NSE:WSI-EQ,INE100D01014,W.S.INDUSTRIES (I) LTD.
NSE:WSTCSTPAPR,NSE,WSTCSTPAPR,NSE:WSTCSTPAPR-EQ,INE976A01021,WEST COAST PAPER MILLS LT
NSE:XCHANGING,NSE,XCHANGING,NSE:XCHANGING-EQ,INE692G01013,XCHANGING SOLUTIONS LTD
NSE:XELPMOC,NSE,XELPMOC,NSE:XELPMOC-EQ,INE01P501012,XELPMOC DESIGN & TECH LTD
NSE:XPROINDIA,NSE,XPROINDIA,NSE:XPROINDIA-EQ,INE445C01015,XPRO INDIA LIMITED
NSE:XTGLOBAL,NSE,XTGLOBAL,NSE:XTGLOBAL-EQ,INE547B01028,XTGLOBAL INFOTECH LIMITED
NSE:XTRANET,NSE,XTRANET,NSE:XTRANET-EQ,INE0NG701011,XTRANET TECHNOLOGIES LTD
NSE:YASHO,NSE,YASHO,NSE:YASHO-EQ,INE616Z01012,YASHO INDUSTRIES LIMITED
NSE:YATHARTH,NSE,YATHARTH,NSE:YATHARTH-EQ,INE0JO301016,YATHARTH HOSP & TRA C S L
NSE:YATRA,NSE,YATRA,NSE:YATRA-EQ,INE0JR601024,YATRA ONLINE LIMITED
NSE:YESBANK,NSE,YESBANK,NSE:YESBANK-EQ,INE528G01035,YES BANK LIMITED
NSE:YOGI,NSE,YOGI,NSE:YOGI-EQ,INE290E01011,YOGI LTD.
NSE:YUKEN,NSE,YUKEN,NSE:YUKEN-EQ,INE384C01016,YUKEN INDIA LIMITED
NSE:ZAGGLE,NSE,ZAGGLE,NSE:ZAGGLE-EQ,INE07K301024,ZAGGLE PREPA OCEAN SER L
NSE:ZEEL,NSE,ZEEL,NSE:ZEEL-EQ,INE256A01028,ZEE ENTERTAINMENT ENT LTD
NSE:ZEELEARN,NSE,ZEELEARN,NSE:ZEELEARN-EQ,INE565L01011,ZEE LEARN LIMITED
NSE:ZEEMEDIA,NSE,ZEEMEDIA,NSE:ZEEMEDIA-EQ,INE966H01019,ZEE MEDIA CORPORATION LTD
NSE:ZENITHEXPO,NSE,ZENITHEXPO,NSE:ZENITHEXPO-EQ,INE058B01018,ZENITH EXPORTS LTD
NSE:ZENITHSTL,NSE,ZENITHSTL,NSE:ZENITHSTL-EQ,INE318D01020,ZENITH STEEL PIP IND LTD
NSE:ZENSARTECH,NSE,ZENSARTECH,NSE:ZENSARTECH-EQ,INE520A01027,ZENSAR TECHNOLOGIES  LTD
NSE:ZENTEC,NSE,ZENTEC,NSE:ZENTEC-EQ,INE251B01027,ZEN TECHNOLOGIES LIMITED
NSE:ZFCVINDIA,NSE,ZFCVINDIA,NSE:ZFCVINDIA-EQ,INE342J01019,ZF COM VE CTR SYS IND LTD
NSE:ZFSTEERING,NSE,ZFSTEERING,NSE:ZFSTEERING-EQ,INE116C01012,Z F STEERING GEAR (I) LTD
NSE:ZIMLAB,NSE,ZIMLAB,NSE:ZIMLAB-EQ,INE518E01015,ZIM LABORATORIES LIMITED
NSE:ZODIAC,NSE,ZODIAC,NSE:ZODIAC-EQ,INE761Y01019,ZODIAC ENERGY LIMITED
NSE:ZODIACLOTH,NSE,ZODIACLOTH,NSE:ZODIACLOTH-EQ,INE206B01013,ZODIAC CLOTHING CO. LTD.
NSE:ZOTA,NSE,ZOTA,NSE:ZOTA-EQ,INE358U01012,ZOTA HEALTH CARE LIMITED
NSE:ZSARACOM,NSE,ZSARACOM,NSE:ZSARACOM-EQ,INE967G01019,SARASWATI COMM (INDIA) L
NSE:ZUARI,NSE,ZUARI,NSE:ZUARI-EQ,INE840M01016,ZUARI AGRO CHEMICALS LTD
NSE:ZUARIIND,NSE,ZUARIIND,NSE:ZUARIIND-EQ,INE217A01012,ZUARI INDUSTRIES LIMITED
NSE:ZYDUSLIFE,NSE,ZYDUSLIFE,NSE:ZYDUSLIFE-EQ,INE010B01027,ZYDUS LIFESCIENCES LTD
NSE:ZYDUSWELL,NSE,ZYDUSWELL,NSE:ZYDUSWELL-EQ,INE768C01028,ZYDUS WELLNESS LIMITED
